"control_id","task","status","status_code","observed_topology_used","n_eligible","coverage","top1_accuracy","prediction_hash","case_id","case_hash","tier","family","overlap_regime","generation_seed","batch_runtime_sec"
"raw_attribute_knn","node_correspondence","ok","ok",FALSE,5,1,0,"35a08baa002fd7e4d35062b82341beaf","final-oracle-sbm-01","7175140501b7af916a588bc1c56e1ccb","oracle","sbm","closed_world",21001,0.126
"position_only","node_correspondence","ok","ok",FALSE,5,1,1,"2bedda56fb2fc15f642cae3ec4eb4e0b","final-oracle-sbm-01","7175140501b7af916a588bc1c56e1ccb","oracle","sbm","closed_world",21001,0.126
"topology_descriptor_only","node_correspondence","ok","ok",TRUE,5,1,1,"2bedda56fb2fc15f642cae3ec4eb4e0b","final-oracle-sbm-01","7175140501b7af916a588bc1c56e1ccb","oracle","sbm","closed_world",21001,0.126
"anchor_only","node_correspondence","ok","ok",FALSE,5,0,0,"dbbb87a2264c0c93e726f594b4d323df","final-oracle-sbm-01","7175140501b7af916a588bc1c56e1ccb","oracle","sbm","closed_world",21001,0.126
"row_identity","node_correspondence","ok","ok",FALSE,5,1,0,"8fa02039f19b3acf08d063b5d4ac6a03","final-oracle-sbm-01","7175140501b7af916a588bc1c56e1ccb","oracle","sbm","closed_world",21001,0.126
"source_only_classifier","target_classification","ok","ok",FALSE,5,1,0,"cc5c8673cedbd62843ae48683432f0aa","final-oracle-sbm-01","7175140501b7af916a588bc1c56e1ccb","oracle","sbm","closed_world",21001,0.126
"target_only_classifier","target_classification","ok","ok",FALSE,5,1,1,"ce8dcc6f6ab693c7e81ca06a7a8f558f","final-oracle-sbm-01","7175140501b7af916a588bc1c56e1ccb","oracle","sbm","closed_world",21001,0.126
"chance","node_correspondence","ok","ok",FALSE,5,1,0,"7ec32327917b8911f86db752b8c0d92b","final-oracle-sbm-01","7175140501b7af916a588bc1c56e1ccb","oracle","sbm","closed_world",21001,0.126
"raw_attribute_knn","node_correspondence","ok","ok",FALSE,5,1,0,"9897a96e0db6420192a761323e6a536a","final-oracle-sbm-02","801d04df2032c12c3c70db6a9b7fcccb","oracle","sbm","closed_world",21002,0.155
"position_only","node_correspondence","ok","ok",FALSE,5,1,1,"e2d75d18a31fab2a51804e9dc38a132c","final-oracle-sbm-02","801d04df2032c12c3c70db6a9b7fcccb","oracle","sbm","closed_world",21002,0.155
"topology_descriptor_only","node_correspondence","ok","ok",TRUE,5,1,1,"e2d75d18a31fab2a51804e9dc38a132c","final-oracle-sbm-02","801d04df2032c12c3c70db6a9b7fcccb","oracle","sbm","closed_world",21002,0.155
"anchor_only","node_correspondence","ok","ok",FALSE,5,0,0,"30ce334f69541d051021564d76cf5433","final-oracle-sbm-02","801d04df2032c12c3c70db6a9b7fcccb","oracle","sbm","closed_world",21002,0.155
"row_identity","node_correspondence","ok","ok",FALSE,5,1,0,"8fa02039f19b3acf08d063b5d4ac6a03","final-oracle-sbm-02","801d04df2032c12c3c70db6a9b7fcccb","oracle","sbm","closed_world",21002,0.155
"source_only_classifier","target_classification","ok","ok",FALSE,5,1,0,"7ade67a460d3a5c651560da38769b097","final-oracle-sbm-02","801d04df2032c12c3c70db6a9b7fcccb","oracle","sbm","closed_world",21002,0.155
"target_only_classifier","target_classification","ok","ok",FALSE,5,1,0.6,"4cd4affa8f624e0ebdf9191f16595519","final-oracle-sbm-02","801d04df2032c12c3c70db6a9b7fcccb","oracle","sbm","closed_world",21002,0.155
"chance","node_correspondence","ok","ok",FALSE,5,1,0.2,"b677ee0d3178e9dbbe2d56b3907172b4","final-oracle-sbm-02","801d04df2032c12c3c70db6a9b7fcccb","oracle","sbm","closed_world",21002,0.155
"raw_attribute_knn","node_correspondence","ok","ok",FALSE,5,1,0,"fa853418e761549cb37c0f724605648f","final-oracle-geometric-01","c8f10951b3beb42380950e17b51d833e","oracle","geometric","closed_world",21003,0.0199999999999996
"position_only","node_correspondence","ok","ok",FALSE,5,1,1,"058a4d8020c61bed556f6b1ba96c0d66","final-oracle-geometric-01","c8f10951b3beb42380950e17b51d833e","oracle","geometric","closed_world",21003,0.0199999999999996
"topology_descriptor_only","node_correspondence","ok","ok",TRUE,5,1,1,"058a4d8020c61bed556f6b1ba96c0d66","final-oracle-geometric-01","c8f10951b3beb42380950e17b51d833e","oracle","geometric","closed_world",21003,0.0199999999999996
"anchor_only","node_correspondence","ok","ok",FALSE,5,0,0,"dd69fe75155fdcf3184ef05a4637d2e9","final-oracle-geometric-01","c8f10951b3beb42380950e17b51d833e","oracle","geometric","closed_world",21003,0.0199999999999996
"row_identity","node_correspondence","ok","ok",FALSE,5,1,0.2,"8fa02039f19b3acf08d063b5d4ac6a03","final-oracle-geometric-01","c8f10951b3beb42380950e17b51d833e","oracle","geometric","closed_world",21003,0.0199999999999996
"source_only_classifier","target_classification","ok","ok",FALSE,5,1,0.2,"c0a539ae49b43fb0cf8ec7fc4b42b2cc","final-oracle-geometric-01","c8f10951b3beb42380950e17b51d833e","oracle","geometric","closed_world",21003,0.0199999999999996
"target_only_classifier","target_classification","ok","ok",FALSE,5,1,0.4,"464cf41e0a4bb5fa8dd3ff055290913a","final-oracle-geometric-01","c8f10951b3beb42380950e17b51d833e","oracle","geometric","closed_world",21003,0.0199999999999996
"chance","node_correspondence","ok","ok",FALSE,5,1,0,"b9fec6af514c3677da729a454380c661","final-oracle-geometric-01","c8f10951b3beb42380950e17b51d833e","oracle","geometric","closed_world",21003,0.0199999999999996
"raw_attribute_knn","node_correspondence","ok","ok",FALSE,5,1,0,"c66d9f9d9a217b7ca639dd9fa4d3e28f","final-oracle-geometric-02","ca0620906096345ead3576d124c4ad3f","oracle","geometric","closed_world",21004,0.0209999999999999
"position_only","node_correspondence","ok","ok",FALSE,5,1,1,"5e3f8b2cfc950976f6379681ec401f70","final-oracle-geometric-02","ca0620906096345ead3576d124c4ad3f","oracle","geometric","closed_world",21004,0.0209999999999999
"topology_descriptor_only","node_correspondence","ok","ok",TRUE,5,1,1,"5e3f8b2cfc950976f6379681ec401f70","final-oracle-geometric-02","ca0620906096345ead3576d124c4ad3f","oracle","geometric","closed_world",21004,0.0209999999999999
"anchor_only","node_correspondence","ok","ok",FALSE,5,0,0,"25ab2b404f4684938b9a838df87125d0","final-oracle-geometric-02","ca0620906096345ead3576d124c4ad3f","oracle","geometric","closed_world",21004,0.0209999999999999
"row_identity","node_correspondence","ok","ok",FALSE,5,1,0,"8fa02039f19b3acf08d063b5d4ac6a03","final-oracle-geometric-02","ca0620906096345ead3576d124c4ad3f","oracle","geometric","closed_world",21004,0.0209999999999999
"source_only_classifier","target_classification","ok","ok",FALSE,5,1,0,"062a444f843f4c9c364dde6bf8b781c1","final-oracle-geometric-02","ca0620906096345ead3576d124c4ad3f","oracle","geometric","closed_world",21004,0.0209999999999999
"target_only_classifier","target_classification","ok","ok",FALSE,5,1,0.6,"6eab5237d15e8437e59b5799fb95446a","final-oracle-geometric-02","ca0620906096345ead3576d124c4ad3f","oracle","geometric","closed_world",21004,0.0209999999999999
"chance","node_correspondence","ok","ok",FALSE,5,1,0,"2ff87a2121b1a673c73c74e5904065dd","final-oracle-geometric-02","ca0620906096345ead3576d124c4ad3f","oracle","geometric","closed_world",21004,0.0209999999999999
"raw_attribute_knn","node_correspondence","ok","ok",FALSE,5,1,0,"4b123a39d40878ef0a1f96034e2d51d7","final-oracle-scale_free-01","e3b95358b2700ca49bcd04f2440f4d5e","oracle","scale_free","closed_world",21005,0.0190000000000001
"position_only","node_correspondence","ok","ok",FALSE,5,1,1,"ebcf2dffeaaf425008e893fcacc17d59","final-oracle-scale_free-01","e3b95358b2700ca49bcd04f2440f4d5e","oracle","scale_free","closed_world",21005,0.0190000000000001
"topology_descriptor_only","node_correspondence","ok","ok",TRUE,5,1,1,"ebcf2dffeaaf425008e893fcacc17d59","final-oracle-scale_free-01","e3b95358b2700ca49bcd04f2440f4d5e","oracle","scale_free","closed_world",21005,0.0190000000000001
"anchor_only","node_correspondence","ok","ok",FALSE,5,0,0,"ae68f0710b7bf7a8ac59f1a5e3fec3a0","final-oracle-scale_free-01","e3b95358b2700ca49bcd04f2440f4d5e","oracle","scale_free","closed_world",21005,0.0190000000000001
"row_identity","node_correspondence","ok","ok",FALSE,5,1,0,"8fa02039f19b3acf08d063b5d4ac6a03","final-oracle-scale_free-01","e3b95358b2700ca49bcd04f2440f4d5e","oracle","scale_free","closed_world",21005,0.0190000000000001
"source_only_classifier","target_classification","ok","ok",FALSE,5,1,0,"4b78293aee615c2c7694117c97a749d4","final-oracle-scale_free-01","e3b95358b2700ca49bcd04f2440f4d5e","oracle","scale_free","closed_world",21005,0.0190000000000001
"target_only_classifier","target_classification","ok","ok",FALSE,5,1,0.4,"688fc1d300da6dd5b29c1b34fb447d20","final-oracle-scale_free-01","e3b95358b2700ca49bcd04f2440f4d5e","oracle","scale_free","closed_world",21005,0.0190000000000001
"chance","node_correspondence","ok","ok",FALSE,5,1,0.2,"58cbd854e9fe7c7b0b207beb75702450","final-oracle-scale_free-01","e3b95358b2700ca49bcd04f2440f4d5e","oracle","scale_free","closed_world",21005,0.0190000000000001
"raw_attribute_knn","node_correspondence","ok","ok",FALSE,5,1,0.2,"2e3931392e5dd19b2e28ea0f553bd722","final-oracle-scale_free-02","ecec2322d3e9b248ac1235f87530c919","oracle","scale_free","closed_world",21006,0.0209999999999999
"position_only","node_correspondence","ok","ok",FALSE,5,1,1,"5f70d6d045b6659318b3b953040fdb8d","final-oracle-scale_free-02","ecec2322d3e9b248ac1235f87530c919","oracle","scale_free","closed_world",21006,0.0209999999999999
"topology_descriptor_only","node_correspondence","ok","ok",TRUE,5,1,1,"5f70d6d045b6659318b3b953040fdb8d","final-oracle-scale_free-02","ecec2322d3e9b248ac1235f87530c919","oracle","scale_free","closed_world",21006,0.0209999999999999
"anchor_only","node_correspondence","ok","ok",FALSE,5,0,0,"32d13d2b8f906aadc292516ca7e2d4f6","final-oracle-scale_free-02","ecec2322d3e9b248ac1235f87530c919","oracle","scale_free","closed_world",21006,0.0209999999999999
"row_identity","node_correspondence","ok","ok",FALSE,5,1,0,"8fa02039f19b3acf08d063b5d4ac6a03","final-oracle-scale_free-02","ecec2322d3e9b248ac1235f87530c919","oracle","scale_free","closed_world",21006,0.0209999999999999
"source_only_classifier","target_classification","ok","ok",FALSE,5,1,0,"01d7544082396db6ff0f1e313bef606f","final-oracle-scale_free-02","ecec2322d3e9b248ac1235f87530c919","oracle","scale_free","closed_world",21006,0.0209999999999999
"target_only_classifier","target_classification","ok","ok",FALSE,5,1,0.6,"6a5160e1acdd1f00e96bfdb070fbac1d","final-oracle-scale_free-02","ecec2322d3e9b248ac1235f87530c919","oracle","scale_free","closed_world",21006,0.0209999999999999
"chance","node_correspondence","ok","ok",FALSE,5,1,0,"1ce3d00fa4ae5ac65edb4cfdf4120ac8","final-oracle-scale_free-02","ecec2322d3e9b248ac1235f87530c919","oracle","scale_free","closed_world",21006,0.0209999999999999
"raw_attribute_knn","node_correspondence","ok","ok",FALSE,72,1,0.0138888888888889,"a1a6f4625be9df557a5f01b0391e511a","final-small-accuracy-sbm-01","615da7f31ad0783df3db4f84a829daa0","small_accuracy","sbm","partial_overlap",21007,0.0390000000000006
"position_only","node_correspondence","ok","ok",FALSE,72,1,0.847222222222222,"281d85a50650b4a6fff659f0063c569a","final-small-accuracy-sbm-01","615da7f31ad0783df3db4f84a829daa0","small_accuracy","sbm","partial_overlap",21007,0.0390000000000006
"topology_descriptor_only","node_correspondence","ok","ok",TRUE,72,1,0.0138888888888889,"d83b3e49d6dd2a1eec563c2afcfaed35","final-small-accuracy-sbm-01","615da7f31ad0783df3db4f84a829daa0","small_accuracy","sbm","partial_overlap",21007,0.0390000000000006
"anchor_only","node_correspondence","ok","ok",FALSE,72,0,0,"21b3c9c72cb5472fc8293b9a1718d469","final-small-accuracy-sbm-01","615da7f31ad0783df3db4f84a829daa0","small_accuracy","sbm","partial_overlap",21007,0.0390000000000006
"row_identity","node_correspondence","ok","ok",FALSE,72,1,0.0138888888888889,"9b0839c464e94485ca6c4c2928388840","final-small-accuracy-sbm-01","615da7f31ad0783df3db4f84a829daa0","small_accuracy","sbm","partial_overlap",21007,0.0390000000000006
"source_only_classifier","target_classification","ok","ok",FALSE,72,1,0.361111111111111,"ccda79ffe5276331989813feaf5a7a74","final-small-accuracy-sbm-01","615da7f31ad0783df3db4f84a829daa0","small_accuracy","sbm","partial_overlap",21007,0.0390000000000006
"target_only_classifier","target_classification","ok","ok",FALSE,72,1,1,"fe8f41176a0d953ca42985ce0a7f7be9","final-small-accuracy-sbm-01","615da7f31ad0783df3db4f84a829daa0","small_accuracy","sbm","partial_overlap",21007,0.0390000000000006
"chance","node_correspondence","ok","ok",FALSE,72,1,0,"042632f83b70fbb1a44ca796cec94eec","final-small-accuracy-sbm-01","615da7f31ad0783df3db4f84a829daa0","small_accuracy","sbm","partial_overlap",21007,0.0390000000000006
"raw_attribute_knn","node_correspondence","ok","ok",FALSE,72,1,0,"6eb5de5b18babf0985eb6fd1009e2859","final-small-accuracy-sbm-02","2fb84c57c34e8960e03a81af3eca7540","small_accuracy","sbm","partial_overlap",21008,0.0220000000000002
"position_only","node_correspondence","ok","ok",FALSE,72,1,0.805555555555556,"9daa394d3b8d4c94b6943c1e5dc5cbec","final-small-accuracy-sbm-02","2fb84c57c34e8960e03a81af3eca7540","small_accuracy","sbm","partial_overlap",21008,0.0220000000000002
"topology_descriptor_only","node_correspondence","ok","ok",TRUE,72,1,0.0138888888888889,"c46a2dbfd435ef6d119e76c28ca47e7b","final-small-accuracy-sbm-02","2fb84c57c34e8960e03a81af3eca7540","small_accuracy","sbm","partial_overlap",21008,0.0220000000000002
"anchor_only","node_correspondence","ok","ok",FALSE,72,0,0,"74e3a8317b0622d201d156fa3b2fdbbd","final-small-accuracy-sbm-02","2fb84c57c34e8960e03a81af3eca7540","small_accuracy","sbm","partial_overlap",21008,0.0220000000000002
"row_identity","node_correspondence","ok","ok",FALSE,72,1,0.0138888888888889,"9b0839c464e94485ca6c4c2928388840","final-small-accuracy-sbm-02","2fb84c57c34e8960e03a81af3eca7540","small_accuracy","sbm","partial_overlap",21008,0.0220000000000002
"source_only_classifier","target_classification","ok","ok",FALSE,72,1,0.0555555555555556,"e188f1a81ddc3ce78fcea77d0498a159","final-small-accuracy-sbm-02","2fb84c57c34e8960e03a81af3eca7540","small_accuracy","sbm","partial_overlap",21008,0.0220000000000002
"target_only_classifier","target_classification","ok","ok",FALSE,72,1,1,"298f30b29f34be15bdecc980f649ba95","final-small-accuracy-sbm-02","2fb84c57c34e8960e03a81af3eca7540","small_accuracy","sbm","partial_overlap",21008,0.0220000000000002
"chance","node_correspondence","ok","ok",FALSE,72,1,0,"74b87cd858e1f409e586e2b48d3728e7","final-small-accuracy-sbm-02","2fb84c57c34e8960e03a81af3eca7540","small_accuracy","sbm","partial_overlap",21008,0.0220000000000002
"raw_attribute_knn","node_correspondence","ok","ok",FALSE,72,1,0,"baf1d32a490fee9c077bb51f1b30a735","final-small-accuracy-sbm-03","22944d9506b0785de6282bdbd9c14d66","small_accuracy","sbm","partial_overlap",21009,0.0220000000000002
"position_only","node_correspondence","ok","ok",FALSE,72,1,0.75,"ccecb370403c3abedd8d8e2803aa1ad6","final-small-accuracy-sbm-03","22944d9506b0785de6282bdbd9c14d66","small_accuracy","sbm","partial_overlap",21009,0.0220000000000002
"topology_descriptor_only","node_correspondence","ok","ok",TRUE,72,1,0.0694444444444444,"004cf21a6ac5ed358c782106aa68b89a","final-small-accuracy-sbm-03","22944d9506b0785de6282bdbd9c14d66","small_accuracy","sbm","partial_overlap",21009,0.0220000000000002
"anchor_only","node_correspondence","ok","ok",FALSE,72,0,0,"209e888254b2b1383700159b17fdca8b","final-small-accuracy-sbm-03","22944d9506b0785de6282bdbd9c14d66","small_accuracy","sbm","partial_overlap",21009,0.0220000000000002
"row_identity","node_correspondence","ok","ok",FALSE,72,1,0,"9b0839c464e94485ca6c4c2928388840","final-small-accuracy-sbm-03","22944d9506b0785de6282bdbd9c14d66","small_accuracy","sbm","partial_overlap",21009,0.0220000000000002
"source_only_classifier","target_classification","ok","ok",FALSE,72,1,0.0555555555555556,"a5a8d58df253855ccf8cfff0e4f92eac","final-small-accuracy-sbm-03","22944d9506b0785de6282bdbd9c14d66","small_accuracy","sbm","partial_overlap",21009,0.0220000000000002
"target_only_classifier","target_classification","ok","ok",FALSE,72,1,1,"3e858c5102f4d935718f88bb21d93bc5","final-small-accuracy-sbm-03","22944d9506b0785de6282bdbd9c14d66","small_accuracy","sbm","partial_overlap",21009,0.0220000000000002
"chance","node_correspondence","ok","ok",FALSE,72,1,0,"8546b48792a34f83fb93cad73aa0329a","final-small-accuracy-sbm-03","22944d9506b0785de6282bdbd9c14d66","small_accuracy","sbm","partial_overlap",21009,0.0220000000000002
"raw_attribute_knn","node_correspondence","ok","ok",FALSE,72,1,0,"57d6a170496a0243ce1cfeed4c69e86c","final-small-accuracy-geometric-01","c9b4250640d7168d099f99b02a96bc91","small_accuracy","geometric","partial_overlap",21010,0.0230000000000006
"position_only","node_correspondence","ok","ok",FALSE,72,1,0.5,"16d5912ef714afbe94a2afe608355cee","final-small-accuracy-geometric-01","c9b4250640d7168d099f99b02a96bc91","small_accuracy","geometric","partial_overlap",21010,0.0230000000000006
"topology_descriptor_only","node_correspondence","ok","ok",TRUE,72,1,0.0138888888888889,"5088c09c8033941c01e16a2bd7846aa2","final-small-accuracy-geometric-01","c9b4250640d7168d099f99b02a96bc91","small_accuracy","geometric","partial_overlap",21010,0.0230000000000006
"anchor_only","node_correspondence","ok","ok",FALSE,72,0,0,"0595faee456c5168594b4881af00927f","final-small-accuracy-geometric-01","c9b4250640d7168d099f99b02a96bc91","small_accuracy","geometric","partial_overlap",21010,0.0230000000000006
"row_identity","node_correspondence","ok","ok",FALSE,72,1,0.0138888888888889,"9b0839c464e94485ca6c4c2928388840","final-small-accuracy-geometric-01","c9b4250640d7168d099f99b02a96bc91","small_accuracy","geometric","partial_overlap",21010,0.0230000000000006
"source_only_classifier","target_classification","ok","ok",FALSE,72,1,0.152777777777778,"9bc843f30b9e05b6f8c2d274e18b9ae6","final-small-accuracy-geometric-01","c9b4250640d7168d099f99b02a96bc91","small_accuracy","geometric","partial_overlap",21010,0.0230000000000006
"target_only_classifier","target_classification","ok","ok",FALSE,72,1,1,"620cdeda597c9d151cfead0fe0efdf66","final-small-accuracy-geometric-01","c9b4250640d7168d099f99b02a96bc91","small_accuracy","geometric","partial_overlap",21010,0.0230000000000006
"chance","node_correspondence","ok","ok",FALSE,72,1,0,"1ca4dbe3602fa90868cae2418274293c","final-small-accuracy-geometric-01","c9b4250640d7168d099f99b02a96bc91","small_accuracy","geometric","partial_overlap",21010,0.0230000000000006
"raw_attribute_knn","node_correspondence","ok","ok",FALSE,72,1,0,"ada1f5f50cc06b7d9bbee8b256f4d919","final-small-accuracy-geometric-02","47159367f08922fc65b5f7e8167b47e7","small_accuracy","geometric","partial_overlap",21011,0.0230000000000006
"position_only","node_correspondence","ok","ok",FALSE,72,1,0.361111111111111,"e449eedcaed76598544ae98c26dae58e","final-small-accuracy-geometric-02","47159367f08922fc65b5f7e8167b47e7","small_accuracy","geometric","partial_overlap",21011,0.0230000000000006
"topology_descriptor_only","node_correspondence","ok","ok",TRUE,72,1,0,"436b0e468c8b12bb67124a986c0f755d","final-small-accuracy-geometric-02","47159367f08922fc65b5f7e8167b47e7","small_accuracy","geometric","partial_overlap",21011,0.0230000000000006
"anchor_only","node_correspondence","ok","ok",FALSE,72,0,0,"f0c3a39d294fee29720c3c1915d9246b","final-small-accuracy-geometric-02","47159367f08922fc65b5f7e8167b47e7","small_accuracy","geometric","partial_overlap",21011,0.0230000000000006
"row_identity","node_correspondence","ok","ok",FALSE,72,1,0,"9b0839c464e94485ca6c4c2928388840","final-small-accuracy-geometric-02","47159367f08922fc65b5f7e8167b47e7","small_accuracy","geometric","partial_overlap",21011,0.0230000000000006
"source_only_classifier","target_classification","ok","ok",FALSE,72,1,0.194444444444444,"38753699fed474db11fd030a1bff0169","final-small-accuracy-geometric-02","47159367f08922fc65b5f7e8167b47e7","small_accuracy","geometric","partial_overlap",21011,0.0230000000000006
"target_only_classifier","target_classification","ok","ok",FALSE,72,1,1,"52eb6d666d77373bead8114d73ee0e15","final-small-accuracy-geometric-02","47159367f08922fc65b5f7e8167b47e7","small_accuracy","geometric","partial_overlap",21011,0.0230000000000006
"chance","node_correspondence","ok","ok",FALSE,72,1,0,"86918308c19b32957ae362e40290b97f","final-small-accuracy-geometric-02","47159367f08922fc65b5f7e8167b47e7","small_accuracy","geometric","partial_overlap",21011,0.0230000000000006
"raw_attribute_knn","node_correspondence","ok","ok",FALSE,72,1,0,"4897be652e400c85e4fcc71710bdd184","final-small-accuracy-geometric-03","a3041c8183ba3d608ea16f43f17748b9","small_accuracy","geometric","partial_overlap",21012,0.0249999999999995
"position_only","node_correspondence","ok","ok",FALSE,72,1,0.597222222222222,"3f528fd70d589f33643aa305fd7d55b2","final-small-accuracy-geometric-03","a3041c8183ba3d608ea16f43f17748b9","small_accuracy","geometric","partial_overlap",21012,0.0249999999999995
"topology_descriptor_only","node_correspondence","ok","ok",TRUE,72,1,0.0138888888888889,"3c5499db06f979af39db72a12c93c5b8","final-small-accuracy-geometric-03","a3041c8183ba3d608ea16f43f17748b9","small_accuracy","geometric","partial_overlap",21012,0.0249999999999995
"anchor_only","node_correspondence","ok","ok",FALSE,72,0,0,"3595f967e414bd1402c6ec39bf7f8d69","final-small-accuracy-geometric-03","a3041c8183ba3d608ea16f43f17748b9","small_accuracy","geometric","partial_overlap",21012,0.0249999999999995
"row_identity","node_correspondence","ok","ok",FALSE,72,1,0,"9b0839c464e94485ca6c4c2928388840","final-small-accuracy-geometric-03","a3041c8183ba3d608ea16f43f17748b9","small_accuracy","geometric","partial_overlap",21012,0.0249999999999995
"source_only_classifier","target_classification","ok","ok",FALSE,72,1,0.194444444444444,"a967b99e29247a3bf1b054b6e1bc12a5","final-small-accuracy-geometric-03","a3041c8183ba3d608ea16f43f17748b9","small_accuracy","geometric","partial_overlap",21012,0.0249999999999995
"target_only_classifier","target_classification","ok","ok",FALSE,72,1,1,"bbdd6d27c5a9d6adb252393689f74b07","final-small-accuracy-geometric-03","a3041c8183ba3d608ea16f43f17748b9","small_accuracy","geometric","partial_overlap",21012,0.0249999999999995
"chance","node_correspondence","ok","ok",FALSE,72,1,0,"0555bd28e412bf8804b6a85b1c23d1f0","final-small-accuracy-geometric-03","a3041c8183ba3d608ea16f43f17748b9","small_accuracy","geometric","partial_overlap",21012,0.0249999999999995
"raw_attribute_knn","node_correspondence","ok","ok",FALSE,72,1,0,"4ad10b9c14c6152dc8900f5ce6c8d67e","final-small-accuracy-scale_free-01","534bd369608f1d24eada517200d0ad97","small_accuracy","scale_free","partial_overlap",21013,0.0530000000000008
"position_only","node_correspondence","ok","ok",FALSE,72,1,0.958333333333333,"1f053bd9bf6887f767e5bcae0f3f3455","final-small-accuracy-scale_free-01","534bd369608f1d24eada517200d0ad97","small_accuracy","scale_free","partial_overlap",21013,0.0530000000000008
"topology_descriptor_only","node_correspondence","ok","ok",TRUE,72,1,0.111111111111111,"b45ad1c6f39d65a79058e5ce96dcd2ba","final-small-accuracy-scale_free-01","534bd369608f1d24eada517200d0ad97","small_accuracy","scale_free","partial_overlap",21013,0.0530000000000008
"anchor_only","node_correspondence","ok","ok",FALSE,72,0,0,"82211bce8c428b633904020a56fa0e52","final-small-accuracy-scale_free-01","534bd369608f1d24eada517200d0ad97","small_accuracy","scale_free","partial_overlap",21013,0.0530000000000008
"row_identity","node_correspondence","ok","ok",FALSE,72,1,0,"9b0839c464e94485ca6c4c2928388840","final-small-accuracy-scale_free-01","534bd369608f1d24eada517200d0ad97","small_accuracy","scale_free","partial_overlap",21013,0.0530000000000008
"source_only_classifier","target_classification","ok","ok",FALSE,72,1,0,"8088c953f29eba5482f6c244f141f4d6","final-small-accuracy-scale_free-01","534bd369608f1d24eada517200d0ad97","small_accuracy","scale_free","partial_overlap",21013,0.0530000000000008
"target_only_classifier","target_classification","ok","ok",FALSE,72,1,0.958333333333333,"0c63a592e3c7b966c02d6b1849de694b","final-small-accuracy-scale_free-01","534bd369608f1d24eada517200d0ad97","small_accuracy","scale_free","partial_overlap",21013,0.0530000000000008
"chance","node_correspondence","ok","ok",FALSE,72,1,0,"31555d2483d2c0a72a63b886ccf06eae","final-small-accuracy-scale_free-01","534bd369608f1d24eada517200d0ad97","small_accuracy","scale_free","partial_overlap",21013,0.0530000000000008
"raw_attribute_knn","node_correspondence","ok","ok",FALSE,72,1,0.0138888888888889,"c605329ef53ccd6cc214763381a89b5a","final-small-accuracy-scale_free-02","cf220b76fe7ef50c255a563d54478aff","small_accuracy","scale_free","partial_overlap",21014,0.0360000000000005
"position_only","node_correspondence","ok","ok",FALSE,72,1,0.875,"cad6b4dc2cc891462390b20a431f9f9a","final-small-accuracy-scale_free-02","cf220b76fe7ef50c255a563d54478aff","small_accuracy","scale_free","partial_overlap",21014,0.0360000000000005
"topology_descriptor_only","node_correspondence","ok","ok",TRUE,72,1,0.111111111111111,"44ca8cfb23284e1f1420383136b9628c","final-small-accuracy-scale_free-02","cf220b76fe7ef50c255a563d54478aff","small_accuracy","scale_free","partial_overlap",21014,0.0360000000000005
"anchor_only","node_correspondence","ok","ok",FALSE,72,0,0,"b5262a1cad48d935f933f2da98b5a7b3","final-small-accuracy-scale_free-02","cf220b76fe7ef50c255a563d54478aff","small_accuracy","scale_free","partial_overlap",21014,0.0360000000000005
"row_identity","node_correspondence","ok","ok",FALSE,72,1,0.0277777777777778,"9b0839c464e94485ca6c4c2928388840","final-small-accuracy-scale_free-02","cf220b76fe7ef50c255a563d54478aff","small_accuracy","scale_free","partial_overlap",21014,0.0360000000000005
"source_only_classifier","target_classification","ok","ok",FALSE,72,1,0.208333333333333,"6f16cd5237bae91a7b77d5b8f2763d57","final-small-accuracy-scale_free-02","cf220b76fe7ef50c255a563d54478aff","small_accuracy","scale_free","partial_overlap",21014,0.0360000000000005
"target_only_classifier","target_classification","ok","ok",FALSE,72,1,0.930555555555556,"ff9c2df09bf2444febefae8e23137590","final-small-accuracy-scale_free-02","cf220b76fe7ef50c255a563d54478aff","small_accuracy","scale_free","partial_overlap",21014,0.0360000000000005
"chance","node_correspondence","ok","ok",FALSE,72,1,0,"ec385a479704fadc218f8c4da6a1adfd","final-small-accuracy-scale_free-02","cf220b76fe7ef50c255a563d54478aff","small_accuracy","scale_free","partial_overlap",21014,0.0360000000000005
"raw_attribute_knn","node_correspondence","ok","ok",FALSE,72,1,0,"6c4e490f93045e4fc9aaef585b6d24d2","final-small-accuracy-scale_free-03","5d829b731da3d6338f0f9970dd62818c","small_accuracy","scale_free","partial_overlap",21015,0.0350000000000001
"position_only","node_correspondence","ok","ok",FALSE,72,1,0.902777777777778,"d6f3d29140ce95d7aecf8ce7b9d6fc58","final-small-accuracy-scale_free-03","5d829b731da3d6338f0f9970dd62818c","small_accuracy","scale_free","partial_overlap",21015,0.0350000000000001
"topology_descriptor_only","node_correspondence","ok","ok",TRUE,72,1,0.0555555555555556,"7ebe51b3940f200b3e934df5265ef15d","final-small-accuracy-scale_free-03","5d829b731da3d6338f0f9970dd62818c","small_accuracy","scale_free","partial_overlap",21015,0.0350000000000001
"anchor_only","node_correspondence","ok","ok",FALSE,72,0,0,"68527bc8531c7a620472e421574ecfb1","final-small-accuracy-scale_free-03","5d829b731da3d6338f0f9970dd62818c","small_accuracy","scale_free","partial_overlap",21015,0.0350000000000001
"row_identity","node_correspondence","ok","ok",FALSE,72,1,0,"9b0839c464e94485ca6c4c2928388840","final-small-accuracy-scale_free-03","5d829b731da3d6338f0f9970dd62818c","small_accuracy","scale_free","partial_overlap",21015,0.0350000000000001
"source_only_classifier","target_classification","ok","ok",FALSE,72,1,0.236111111111111,"720216f1fab6cce1ec4e2999b8eb9f4e","final-small-accuracy-scale_free-03","5d829b731da3d6338f0f9970dd62818c","small_accuracy","scale_free","partial_overlap",21015,0.0350000000000001
"target_only_classifier","target_classification","ok","ok",FALSE,72,1,0.916666666666667,"802989d2ae237bf89a265c414f518058","final-small-accuracy-scale_free-03","5d829b731da3d6338f0f9970dd62818c","small_accuracy","scale_free","partial_overlap",21015,0.0350000000000001
"chance","node_correspondence","ok","ok",FALSE,72,1,0,"aec84d70b50fd2aed7bc0056930aa7b4","final-small-accuracy-scale_free-03","5d829b731da3d6338f0f9970dd62818c","small_accuracy","scale_free","partial_overlap",21015,0.0350000000000001
"raw_attribute_knn","node_correspondence","ok","ok",FALSE,72,1,0,"ae9889485aa96f0ed5206adcd5e5dc94","final-small-accuracy-sbm-closed-01","86994bcc8f0d14b689eb913be7ed275d","small_accuracy","sbm","closed_world",21031,0.0310000000000006
"position_only","node_correspondence","ok","ok",FALSE,72,1,0.680555555555556,"e2a8a6de633a520fd516f3bda1ebeece","final-small-accuracy-sbm-closed-01","86994bcc8f0d14b689eb913be7ed275d","small_accuracy","sbm","closed_world",21031,0.0310000000000006
"topology_descriptor_only","node_correspondence","ok","ok",TRUE,72,1,0.0555555555555556,"4bca25d2fecbe865080a3d0e90a043ab","final-small-accuracy-sbm-closed-01","86994bcc8f0d14b689eb913be7ed275d","small_accuracy","sbm","closed_world",21031,0.0310000000000006
"anchor_only","node_correspondence","ok","ok",FALSE,72,0,0,"82758c3c2052ec1c3b6f909a2233b571","final-small-accuracy-sbm-closed-01","86994bcc8f0d14b689eb913be7ed275d","small_accuracy","sbm","closed_world",21031,0.0310000000000006
"row_identity","node_correspondence","ok","ok",FALSE,72,1,0,"0db6332ac81bc5ec5c30bc35e51a80cf","final-small-accuracy-sbm-closed-01","86994bcc8f0d14b689eb913be7ed275d","small_accuracy","sbm","closed_world",21031,0.0310000000000006
"source_only_classifier","target_classification","ok","ok",FALSE,72,1,0,"e4945492e9c43e7487e4b8e0b75104d1","final-small-accuracy-sbm-closed-01","86994bcc8f0d14b689eb913be7ed275d","small_accuracy","sbm","closed_world",21031,0.0310000000000006
"target_only_classifier","target_classification","ok","ok",FALSE,72,1,1,"d1630b1066e862738dce855429c27b08","final-small-accuracy-sbm-closed-01","86994bcc8f0d14b689eb913be7ed275d","small_accuracy","sbm","closed_world",21031,0.0310000000000006
"chance","node_correspondence","ok","ok",FALSE,72,1,0,"c5b362ce6fa326f7bb57a446d8bc4f98","final-small-accuracy-sbm-closed-01","86994bcc8f0d14b689eb913be7ed275d","small_accuracy","sbm","closed_world",21031,0.0310000000000006
"raw_attribute_knn","node_correspondence","ok","ok",FALSE,72,1,0,"73b3f523b7c36f3cdbedf22874513d74","final-small-accuracy-sbm-closed-02","d429725405ae71ed10adc7174fd4ee7b","small_accuracy","sbm","closed_world",21032,0.0300000000000002
"position_only","node_correspondence","ok","ok",FALSE,72,1,0.708333333333333,"16c71734e2baebfd1b1829424691ffc3","final-small-accuracy-sbm-closed-02","d429725405ae71ed10adc7174fd4ee7b","small_accuracy","sbm","closed_world",21032,0.0300000000000002
"topology_descriptor_only","node_correspondence","ok","ok",TRUE,72,1,0.0694444444444444,"ccf93ec3a19e1fd3fd7a8762e333654b","final-small-accuracy-sbm-closed-02","d429725405ae71ed10adc7174fd4ee7b","small_accuracy","sbm","closed_world",21032,0.0300000000000002
"anchor_only","node_correspondence","ok","ok",FALSE,72,0,0,"70bf74637ddef4ab1036ec7021e4c6f1","final-small-accuracy-sbm-closed-02","d429725405ae71ed10adc7174fd4ee7b","small_accuracy","sbm","closed_world",21032,0.0300000000000002
"row_identity","node_correspondence","ok","ok",FALSE,72,1,0,"0db6332ac81bc5ec5c30bc35e51a80cf","final-small-accuracy-sbm-closed-02","d429725405ae71ed10adc7174fd4ee7b","small_accuracy","sbm","closed_world",21032,0.0300000000000002
"source_only_classifier","target_classification","ok","ok",FALSE,72,1,0,"cc94bf89af7203d18f425d67913402cc","final-small-accuracy-sbm-closed-02","d429725405ae71ed10adc7174fd4ee7b","small_accuracy","sbm","closed_world",21032,0.0300000000000002
"target_only_classifier","target_classification","ok","ok",FALSE,72,1,1,"700246f945eaaafdabcbd45888cbb9dd","final-small-accuracy-sbm-closed-02","d429725405ae71ed10adc7174fd4ee7b","small_accuracy","sbm","closed_world",21032,0.0300000000000002
"chance","node_correspondence","ok","ok",FALSE,72,1,0.0138888888888889,"8e3613c0276a8370935699d69fdb2df4","final-small-accuracy-sbm-closed-02","d429725405ae71ed10adc7174fd4ee7b","small_accuracy","sbm","closed_world",21032,0.0300000000000002
"raw_attribute_knn","node_correspondence","ok","ok",FALSE,72,1,0.0138888888888889,"80e09eb38abd15608ff480481aab2aec","final-small-accuracy-geometric-closed-01","1e8b06ce88bef671d705a296f8647081","small_accuracy","geometric","closed_world",21033,0.0339999999999998
"position_only","node_correspondence","ok","ok",FALSE,72,1,0.569444444444444,"dc4047d2f334a8513fa88598de3967b2","final-small-accuracy-geometric-closed-01","1e8b06ce88bef671d705a296f8647081","small_accuracy","geometric","closed_world",21033,0.0339999999999998
"topology_descriptor_only","node_correspondence","ok","ok",TRUE,72,1,0.0277777777777778,"d95b67367079f82c3449340d3cadb652","final-small-accuracy-geometric-closed-01","1e8b06ce88bef671d705a296f8647081","small_accuracy","geometric","closed_world",21033,0.0339999999999998
"anchor_only","node_correspondence","ok","ok",FALSE,72,0,0,"a015148bb7f3404261507780aa0271d8","final-small-accuracy-geometric-closed-01","1e8b06ce88bef671d705a296f8647081","small_accuracy","geometric","closed_world",21033,0.0339999999999998
"row_identity","node_correspondence","ok","ok",FALSE,72,1,0.0416666666666667,"0db6332ac81bc5ec5c30bc35e51a80cf","final-small-accuracy-geometric-closed-01","1e8b06ce88bef671d705a296f8647081","small_accuracy","geometric","closed_world",21033,0.0339999999999998
"source_only_classifier","target_classification","ok","ok",FALSE,72,1,0.138888888888889,"e0879712c926dc94b04ccd47893b1f38","final-small-accuracy-geometric-closed-01","1e8b06ce88bef671d705a296f8647081","small_accuracy","geometric","closed_world",21033,0.0339999999999998
"target_only_classifier","target_classification","ok","ok",FALSE,72,1,1,"19eb4e1e4cfccab780eb9af602461cec","final-small-accuracy-geometric-closed-01","1e8b06ce88bef671d705a296f8647081","small_accuracy","geometric","closed_world",21033,0.0339999999999998
"chance","node_correspondence","ok","ok",FALSE,72,1,0.0416666666666667,"c219650c03f17b8878ddf76ec61e856e","final-small-accuracy-geometric-closed-01","1e8b06ce88bef671d705a296f8647081","small_accuracy","geometric","closed_world",21033,0.0339999999999998
"raw_attribute_knn","node_correspondence","ok","ok",FALSE,72,1,0.0138888888888889,"4b4830ef2604cbfa4a7a6d29f045da5c","final-small-accuracy-geometric-closed-02","5db68d0ebc6cdcd192b3629a33712f4b","small_accuracy","geometric","closed_world",21034,0.0270000000000001
"position_only","node_correspondence","ok","ok",FALSE,72,1,0.430555555555556,"935f21b9c3b9fc4c6e46fe29e19aaf6f","final-small-accuracy-geometric-closed-02","5db68d0ebc6cdcd192b3629a33712f4b","small_accuracy","geometric","closed_world",21034,0.0270000000000001
"topology_descriptor_only","node_correspondence","ok","ok",TRUE,72,1,0.0416666666666667,"764c3ff19bf1547db987d1ea82dfb6d0","final-small-accuracy-geometric-closed-02","5db68d0ebc6cdcd192b3629a33712f4b","small_accuracy","geometric","closed_world",21034,0.0270000000000001
"anchor_only","node_correspondence","ok","ok",FALSE,72,0,0,"f5251f7dfa016ce0e053f024a17b1b08","final-small-accuracy-geometric-closed-02","5db68d0ebc6cdcd192b3629a33712f4b","small_accuracy","geometric","closed_world",21034,0.0270000000000001
"row_identity","node_correspondence","ok","ok",FALSE,72,1,0,"0db6332ac81bc5ec5c30bc35e51a80cf","final-small-accuracy-geometric-closed-02","5db68d0ebc6cdcd192b3629a33712f4b","small_accuracy","geometric","closed_world",21034,0.0270000000000001
"source_only_classifier","target_classification","ok","ok",FALSE,72,1,0.222222222222222,"38cc8b15e39992c64298ece0aa8d8303","final-small-accuracy-geometric-closed-02","5db68d0ebc6cdcd192b3629a33712f4b","small_accuracy","geometric","closed_world",21034,0.0270000000000001
"target_only_classifier","target_classification","ok","ok",FALSE,72,1,0.972222222222222,"25c367b90294b22c1579c44bfb9d9c06","final-small-accuracy-geometric-closed-02","5db68d0ebc6cdcd192b3629a33712f4b","small_accuracy","geometric","closed_world",21034,0.0270000000000001
"chance","node_correspondence","ok","ok",FALSE,72,1,0.0277777777777778,"209f9fb2af8772508c57df276be366ee","final-small-accuracy-geometric-closed-02","5db68d0ebc6cdcd192b3629a33712f4b","small_accuracy","geometric","closed_world",21034,0.0270000000000001
"raw_attribute_knn","node_correspondence","ok","ok",FALSE,72,1,0.0138888888888889,"d5edb9b59ca753bf0176a08a72217be2","final-small-accuracy-scale_free-closed-01","c419a5ae7a13b5136c725364763717d8","small_accuracy","scale_free","closed_world",21035,0.0239999999999991
"position_only","node_correspondence","ok","ok",FALSE,72,1,0.875,"40c0822685031edb1fda127263bcdea0","final-small-accuracy-scale_free-closed-01","c419a5ae7a13b5136c725364763717d8","small_accuracy","scale_free","closed_world",21035,0.0239999999999991
"topology_descriptor_only","node_correspondence","ok","ok",TRUE,72,1,0.125,"06a854248ee3e79edf2a7bcacc38e35f","final-small-accuracy-scale_free-closed-01","c419a5ae7a13b5136c725364763717d8","small_accuracy","scale_free","closed_world",21035,0.0239999999999991
"anchor_only","node_correspondence","ok","ok",FALSE,72,0,0,"7e9b94ff6d8f9f6b2b8d1a3a529afd22","final-small-accuracy-scale_free-closed-01","c419a5ae7a13b5136c725364763717d8","small_accuracy","scale_free","closed_world",21035,0.0239999999999991
"row_identity","node_correspondence","ok","ok",FALSE,72,1,0,"0db6332ac81bc5ec5c30bc35e51a80cf","final-small-accuracy-scale_free-closed-01","c419a5ae7a13b5136c725364763717d8","small_accuracy","scale_free","closed_world",21035,0.0239999999999991
"source_only_classifier","target_classification","ok","ok",FALSE,72,1,0.361111111111111,"c521f22779706a691df9bd41a8b12023","final-small-accuracy-scale_free-closed-01","c419a5ae7a13b5136c725364763717d8","small_accuracy","scale_free","closed_world",21035,0.0239999999999991
"target_only_classifier","target_classification","ok","ok",FALSE,72,1,1,"36a7e6cfe9fd60c5388e7deb86462ccf","final-small-accuracy-scale_free-closed-01","c419a5ae7a13b5136c725364763717d8","small_accuracy","scale_free","closed_world",21035,0.0239999999999991
"chance","node_correspondence","ok","ok",FALSE,72,1,0,"cca0d875be29840f4d870fb45230702c","final-small-accuracy-scale_free-closed-01","c419a5ae7a13b5136c725364763717d8","small_accuracy","scale_free","closed_world",21035,0.0239999999999991
"raw_attribute_knn","node_correspondence","ok","ok",FALSE,72,1,0,"0d5ec6b0eab187f2d99840da2a89d345","final-small-accuracy-scale_free-closed-02","b525a5d1130d9bdafb31a6b557a58230","small_accuracy","scale_free","closed_world",21036,0.0250000000000004
"position_only","node_correspondence","ok","ok",FALSE,72,1,0.944444444444444,"45cbc4b42e0346bb697d61a110710bd1","final-small-accuracy-scale_free-closed-02","b525a5d1130d9bdafb31a6b557a58230","small_accuracy","scale_free","closed_world",21036,0.0250000000000004
"topology_descriptor_only","node_correspondence","ok","ok",TRUE,72,1,0.111111111111111,"f6a0a816d3ce020d299d9f060482a2d9","final-small-accuracy-scale_free-closed-02","b525a5d1130d9bdafb31a6b557a58230","small_accuracy","scale_free","closed_world",21036,0.0250000000000004
"anchor_only","node_correspondence","ok","ok",FALSE,72,0,0,"03b0cc0d7c23278971646a1fcc05ffd7","final-small-accuracy-scale_free-closed-02","b525a5d1130d9bdafb31a6b557a58230","small_accuracy","scale_free","closed_world",21036,0.0250000000000004
"row_identity","node_correspondence","ok","ok",FALSE,72,1,0,"0db6332ac81bc5ec5c30bc35e51a80cf","final-small-accuracy-scale_free-closed-02","b525a5d1130d9bdafb31a6b557a58230","small_accuracy","scale_free","closed_world",21036,0.0250000000000004
"source_only_classifier","target_classification","ok","ok",FALSE,72,1,0.375,"7de53b4f47b1e55a223cde4305e1c7db","final-small-accuracy-scale_free-closed-02","b525a5d1130d9bdafb31a6b557a58230","small_accuracy","scale_free","closed_world",21036,0.0250000000000004
"target_only_classifier","target_classification","ok","ok",FALSE,72,1,1,"5cb993dfe11e9144856228859d10855d","final-small-accuracy-scale_free-closed-02","b525a5d1130d9bdafb31a6b557a58230","small_accuracy","scale_free","closed_world",21036,0.0250000000000004
"chance","node_correspondence","ok","ok",FALSE,72,1,0.0138888888888889,"63047ced2b51a8b8f6f3ff3a24b83152","final-small-accuracy-scale_free-closed-02","b525a5d1130d9bdafb31a6b557a58230","small_accuracy","scale_free","closed_world",21036,0.0250000000000004
"raw_attribute_knn","node_correspondence","ok","ok",FALSE,480,1,0.00208333333333333,"70787e25bdf3b8e7fead74c1f2a4f6db","final-medium-robustness-sbm-01","1bc3b136be794e87d6e51b253c0bce33","medium_robustness","sbm","partial_overlap",21016,0.0909999999999993
"position_only","node_correspondence","ok","ok",FALSE,480,1,0.0333333333333333,"b653b0d138ac3ff6e16a0516bcba12df","final-medium-robustness-sbm-01","1bc3b136be794e87d6e51b253c0bce33","medium_robustness","sbm","partial_overlap",21016,0.0909999999999993
"topology_descriptor_only","node_correspondence","ok","ok",TRUE,480,1,0.00208333333333333,"52539ab32196f3fba16218e5804e2332","final-medium-robustness-sbm-01","1bc3b136be794e87d6e51b253c0bce33","medium_robustness","sbm","partial_overlap",21016,0.0909999999999993
"anchor_only","node_correspondence","ok","ok",FALSE,480,0,0,"5ba06de801a4cc367dfc7f435a6fcfb4","final-medium-robustness-sbm-01","1bc3b136be794e87d6e51b253c0bce33","medium_robustness","sbm","partial_overlap",21016,0.0909999999999993
"row_identity","node_correspondence","ok","ok",FALSE,480,1,0.00208333333333333,"edd68bf9fc3f011c90f9260f4699f14e","final-medium-robustness-sbm-01","1bc3b136be794e87d6e51b253c0bce33","medium_robustness","sbm","partial_overlap",21016,0.0909999999999993
"source_only_classifier","target_classification","ok","ok",FALSE,480,1,0.529166666666667,"13bb68b97572f9d75e4eaf2f216e7509","final-medium-robustness-sbm-01","1bc3b136be794e87d6e51b253c0bce33","medium_robustness","sbm","partial_overlap",21016,0.0909999999999993
"target_only_classifier","target_classification","ok","ok",FALSE,480,1,1,"7fb3c29269a6878ce63f2082991e62c6","final-medium-robustness-sbm-01","1bc3b136be794e87d6e51b253c0bce33","medium_robustness","sbm","partial_overlap",21016,0.0909999999999993
"chance","node_correspondence","ok","ok",FALSE,480,1,0,"bf734d8a542f9fb42b044059bf2a2c5f","final-medium-robustness-sbm-01","1bc3b136be794e87d6e51b253c0bce33","medium_robustness","sbm","partial_overlap",21016,0.0909999999999993
"raw_attribute_knn","node_correspondence","ok","ok",FALSE,480,1,0,"ef18f65309c854e813808a2c512d1af5","final-medium-robustness-sbm-02","b943f4d8feb071dfff730609729975cd","medium_robustness","sbm","partial_overlap",21017,0.109
"position_only","node_correspondence","ok","ok",FALSE,480,1,0.04375,"ed0b428885077271d6cfe3a7cfc0acee","final-medium-robustness-sbm-02","b943f4d8feb071dfff730609729975cd","medium_robustness","sbm","partial_overlap",21017,0.109
"topology_descriptor_only","node_correspondence","ok","ok",TRUE,480,1,0.0104166666666667,"8f4a174fefc7d4b849fb264b7872384d","final-medium-robustness-sbm-02","b943f4d8feb071dfff730609729975cd","medium_robustness","sbm","partial_overlap",21017,0.109
"anchor_only","node_correspondence","ok","ok",FALSE,480,0,0,"3373bbafc778ab8fd9465a07435c5f5b","final-medium-robustness-sbm-02","b943f4d8feb071dfff730609729975cd","medium_robustness","sbm","partial_overlap",21017,0.109
"row_identity","node_correspondence","ok","ok",FALSE,480,1,0.00416666666666667,"edd68bf9fc3f011c90f9260f4699f14e","final-medium-robustness-sbm-02","b943f4d8feb071dfff730609729975cd","medium_robustness","sbm","partial_overlap",21017,0.109
"source_only_classifier","target_classification","ok","ok",FALSE,480,1,0.0708333333333333,"53b20f45438c3f1bc8481a5305f07bc7","final-medium-robustness-sbm-02","b943f4d8feb071dfff730609729975cd","medium_robustness","sbm","partial_overlap",21017,0.109
"target_only_classifier","target_classification","ok","ok",FALSE,480,1,1,"305a140c2b31ee4c743b80b08bc9e047","final-medium-robustness-sbm-02","b943f4d8feb071dfff730609729975cd","medium_robustness","sbm","partial_overlap",21017,0.109
"chance","node_correspondence","ok","ok",FALSE,480,1,0,"94ad8baf027ae9d71fc497154a2cd774","final-medium-robustness-sbm-02","b943f4d8feb071dfff730609729975cd","medium_robustness","sbm","partial_overlap",21017,0.109
"raw_attribute_knn","node_correspondence","ok","ok",FALSE,480,1,0,"4c8ad44b6f5fce2ae888d74335d078ce","final-medium-robustness-sbm-03","94cedd70f655fb458bf09786d43bdfad","medium_robustness","sbm","partial_overlap",21018,0.0949999999999989
"position_only","node_correspondence","ok","ok",FALSE,480,1,0.0375,"3fc9c72517d56181e93d7a286acf0bc5","final-medium-robustness-sbm-03","94cedd70f655fb458bf09786d43bdfad","medium_robustness","sbm","partial_overlap",21018,0.0949999999999989
"topology_descriptor_only","node_correspondence","ok","ok",TRUE,480,1,0.00208333333333333,"47b5e97241428be195208a49030d2720","final-medium-robustness-sbm-03","94cedd70f655fb458bf09786d43bdfad","medium_robustness","sbm","partial_overlap",21018,0.0949999999999989
"anchor_only","node_correspondence","ok","ok",FALSE,480,0,0,"a877365db7bb323670748eb6a6e22ecb","final-medium-robustness-sbm-03","94cedd70f655fb458bf09786d43bdfad","medium_robustness","sbm","partial_overlap",21018,0.0949999999999989
"row_identity","node_correspondence","ok","ok",FALSE,480,1,0.00208333333333333,"edd68bf9fc3f011c90f9260f4699f14e","final-medium-robustness-sbm-03","94cedd70f655fb458bf09786d43bdfad","medium_robustness","sbm","partial_overlap",21018,0.0949999999999989
"source_only_classifier","target_classification","ok","ok",FALSE,480,1,0.0479166666666667,"da9bf9b27bf21e487921e45287a05544","final-medium-robustness-sbm-03","94cedd70f655fb458bf09786d43bdfad","medium_robustness","sbm","partial_overlap",21018,0.0949999999999989
"target_only_classifier","target_classification","ok","ok",FALSE,480,1,1,"db7e8cd4b241cf78124f8c19575dd05f","final-medium-robustness-sbm-03","94cedd70f655fb458bf09786d43bdfad","medium_robustness","sbm","partial_overlap",21018,0.0949999999999989
"chance","node_correspondence","ok","ok",FALSE,480,1,0,"5186fc6f8a92ef682c610aa643990cd6","final-medium-robustness-sbm-03","94cedd70f655fb458bf09786d43bdfad","medium_robustness","sbm","partial_overlap",21018,0.0949999999999989
"raw_attribute_knn","node_correspondence","ok","ok",FALSE,480,1,0,"27122c877f6d37560eebdb81bd62cb07","final-medium-robustness-geometric-01","d721b0a1b197708dca35084058ae0be1","medium_robustness","geometric","partial_overlap",21019,0.0960000000000001
"position_only","node_correspondence","ok","ok",FALSE,480,1,0.0125,"42e780e7f122a524de3d138b5b4f721c","final-medium-robustness-geometric-01","d721b0a1b197708dca35084058ae0be1","medium_robustness","geometric","partial_overlap",21019,0.0960000000000001
"topology_descriptor_only","node_correspondence","ok","ok",TRUE,480,1,0.00416666666666667,"8b486daa87c2136e1237af4c3365f2f1","final-medium-robustness-geometric-01","d721b0a1b197708dca35084058ae0be1","medium_robustness","geometric","partial_overlap",21019,0.0960000000000001
"anchor_only","node_correspondence","ok","ok",FALSE,480,0,0,"dde566e24d00f4d1a8ba4b86b9345888","final-medium-robustness-geometric-01","d721b0a1b197708dca35084058ae0be1","medium_robustness","geometric","partial_overlap",21019,0.0960000000000001
"row_identity","node_correspondence","ok","ok",FALSE,480,1,0.00416666666666667,"edd68bf9fc3f011c90f9260f4699f14e","final-medium-robustness-geometric-01","d721b0a1b197708dca35084058ae0be1","medium_robustness","geometric","partial_overlap",21019,0.0960000000000001
"source_only_classifier","target_classification","ok","ok",FALSE,480,1,0.0916666666666667,"6e0363a0a402fa8aca8c6e9af529e9d1","final-medium-robustness-geometric-01","d721b0a1b197708dca35084058ae0be1","medium_robustness","geometric","partial_overlap",21019,0.0960000000000001
"target_only_classifier","target_classification","ok","ok",FALSE,480,1,1,"8ce014ce0666964f4ff1aa7970c6e163","final-medium-robustness-geometric-01","d721b0a1b197708dca35084058ae0be1","medium_robustness","geometric","partial_overlap",21019,0.0960000000000001
"chance","node_correspondence","ok","ok",FALSE,480,1,0,"5fc327705db5d5759c296383f64413de","final-medium-robustness-geometric-01","d721b0a1b197708dca35084058ae0be1","medium_robustness","geometric","partial_overlap",21019,0.0960000000000001
"raw_attribute_knn","node_correspondence","ok","ok",FALSE,480,1,0,"0362498cee9c646b95f95e6c1a71714d","final-medium-robustness-geometric-02","8030b27451ac41b2944d9371ef65bb09","medium_robustness","geometric","partial_overlap",21020,0.116000000000001
"position_only","node_correspondence","ok","ok",FALSE,480,1,0.0145833333333333,"1a7ac49c26979b3b199dcbd17c079826","final-medium-robustness-geometric-02","8030b27451ac41b2944d9371ef65bb09","medium_robustness","geometric","partial_overlap",21020,0.116000000000001
"topology_descriptor_only","node_correspondence","ok","ok",TRUE,480,1,0.00208333333333333,"11eeaf6fddb5e3f39e888a9910fb74a0","final-medium-robustness-geometric-02","8030b27451ac41b2944d9371ef65bb09","medium_robustness","geometric","partial_overlap",21020,0.116000000000001
"anchor_only","node_correspondence","ok","ok",FALSE,480,0,0,"5fd83c17d9ff0c7a2c062d34f330e3e2","final-medium-robustness-geometric-02","8030b27451ac41b2944d9371ef65bb09","medium_robustness","geometric","partial_overlap",21020,0.116000000000001
"row_identity","node_correspondence","ok","ok",FALSE,480,1,0.00416666666666667,"edd68bf9fc3f011c90f9260f4699f14e","final-medium-robustness-geometric-02","8030b27451ac41b2944d9371ef65bb09","medium_robustness","geometric","partial_overlap",21020,0.116000000000001
"source_only_classifier","target_classification","ok","ok",FALSE,480,1,0.102083333333333,"d3d06fe81f0fbb7904486430053ec428","final-medium-robustness-geometric-02","8030b27451ac41b2944d9371ef65bb09","medium_robustness","geometric","partial_overlap",21020,0.116000000000001
"target_only_classifier","target_classification","ok","ok",FALSE,480,1,0.997916666666667,"7a2db9d03bb800047f0c392d825aea49","final-medium-robustness-geometric-02","8030b27451ac41b2944d9371ef65bb09","medium_robustness","geometric","partial_overlap",21020,0.116000000000001
"chance","node_correspondence","ok","ok",FALSE,480,1,0,"e10e247fde36a4f84d3f6996a0628f2a","final-medium-robustness-geometric-02","8030b27451ac41b2944d9371ef65bb09","medium_robustness","geometric","partial_overlap",21020,0.116000000000001
"raw_attribute_knn","node_correspondence","ok","ok",FALSE,480,1,0,"164fbc9d93f67e8d1c541af525bf2ebe","final-medium-robustness-geometric-03","80b3144abf3a4ed2fad0a94eaf83c50a","medium_robustness","geometric","partial_overlap",21021,0.0990000000000002
"position_only","node_correspondence","ok","ok",FALSE,480,1,0.0104166666666667,"7ba85faa5a440f58a3bc597bee20f3d7","final-medium-robustness-geometric-03","80b3144abf3a4ed2fad0a94eaf83c50a","medium_robustness","geometric","partial_overlap",21021,0.0990000000000002
"topology_descriptor_only","node_correspondence","ok","ok",TRUE,480,1,0,"651a9a77f19a46f6878b26a687d1729b","final-medium-robustness-geometric-03","80b3144abf3a4ed2fad0a94eaf83c50a","medium_robustness","geometric","partial_overlap",21021,0.0990000000000002
"anchor_only","node_correspondence","ok","ok",FALSE,480,0,0,"589d56f7b70b85f7c074cbf00d760975","final-medium-robustness-geometric-03","80b3144abf3a4ed2fad0a94eaf83c50a","medium_robustness","geometric","partial_overlap",21021,0.0990000000000002
"row_identity","node_correspondence","ok","ok",FALSE,480,1,0,"edd68bf9fc3f011c90f9260f4699f14e","final-medium-robustness-geometric-03","80b3144abf3a4ed2fad0a94eaf83c50a","medium_robustness","geometric","partial_overlap",21021,0.0990000000000002
"source_only_classifier","target_classification","ok","ok",FALSE,480,1,0.729166666666667,"31f70290e9c3cadea1afbaf27a471402","final-medium-robustness-geometric-03","80b3144abf3a4ed2fad0a94eaf83c50a","medium_robustness","geometric","partial_overlap",21021,0.0990000000000002
"target_only_classifier","target_classification","ok","ok",FALSE,480,1,1,"5f04f4e060e2768e32400be4cc35968e","final-medium-robustness-geometric-03","80b3144abf3a4ed2fad0a94eaf83c50a","medium_robustness","geometric","partial_overlap",21021,0.0990000000000002
"chance","node_correspondence","ok","ok",FALSE,480,1,0,"4ae55d5841cbf624a49e79580dfebf87","final-medium-robustness-geometric-03","80b3144abf3a4ed2fad0a94eaf83c50a","medium_robustness","geometric","partial_overlap",21021,0.0990000000000002
"raw_attribute_knn","node_correspondence","ok","ok",FALSE,480,1,0,"03197314b58380acda96bba8d638b3a2","final-medium-robustness-scale_free-01","85128e4c54984eeab9ced25326f0d4da","medium_robustness","scale_free","partial_overlap",21022,0.077
"position_only","node_correspondence","ok","ok",FALSE,480,1,0.125,"80371e56f15409f12ed53fa976abfc78","final-medium-robustness-scale_free-01","85128e4c54984eeab9ced25326f0d4da","medium_robustness","scale_free","partial_overlap",21022,0.077
"topology_descriptor_only","node_correspondence","ok","ok",TRUE,480,1,0.00416666666666667,"52db9c2c4ef6d7663b6809afaba64a5b","final-medium-robustness-scale_free-01","85128e4c54984eeab9ced25326f0d4da","medium_robustness","scale_free","partial_overlap",21022,0.077
"anchor_only","node_correspondence","ok","ok",FALSE,480,0,0,"af00c9715d52501282b639ef66d77db2","final-medium-robustness-scale_free-01","85128e4c54984eeab9ced25326f0d4da","medium_robustness","scale_free","partial_overlap",21022,0.077
"row_identity","node_correspondence","ok","ok",FALSE,480,1,0,"edd68bf9fc3f011c90f9260f4699f14e","final-medium-robustness-scale_free-01","85128e4c54984eeab9ced25326f0d4da","medium_robustness","scale_free","partial_overlap",21022,0.077
"source_only_classifier","target_classification","ok","ok",FALSE,480,1,0.0645833333333333,"b466e0cbdeb3847cd1916b4a877b0b5b","final-medium-robustness-scale_free-01","85128e4c54984eeab9ced25326f0d4da","medium_robustness","scale_free","partial_overlap",21022,0.077
"target_only_classifier","target_classification","ok","ok",FALSE,480,1,1,"61f914b043e59f15af59c3838077b789","final-medium-robustness-scale_free-01","85128e4c54984eeab9ced25326f0d4da","medium_robustness","scale_free","partial_overlap",21022,0.077
"chance","node_correspondence","ok","ok",FALSE,480,1,0,"e97fc3818b13f38f04a1ba0ed4ef2000","final-medium-robustness-scale_free-01","85128e4c54984eeab9ced25326f0d4da","medium_robustness","scale_free","partial_overlap",21022,0.077
"raw_attribute_knn","node_correspondence","ok","ok",FALSE,480,1,0.00208333333333333,"f2fc24ee1a435c043ddfd490bd995c16","final-medium-robustness-scale_free-02","ed39c6b7032aee4737db62e4323d2a59","medium_robustness","scale_free","partial_overlap",21023,0.125999999999999
"position_only","node_correspondence","ok","ok",FALSE,480,1,0.120833333333333,"79bc9917d2efcf1b85aaf54f81848b78","final-medium-robustness-scale_free-02","ed39c6b7032aee4737db62e4323d2a59","medium_robustness","scale_free","partial_overlap",21023,0.125999999999999
"topology_descriptor_only","node_correspondence","ok","ok",TRUE,480,1,0.00416666666666667,"90760051ea0f82086e3ca2bc0a986c48","final-medium-robustness-scale_free-02","ed39c6b7032aee4737db62e4323d2a59","medium_robustness","scale_free","partial_overlap",21023,0.125999999999999
"anchor_only","node_correspondence","ok","ok",FALSE,480,0,0,"d90f41a3db877cb80d299474e7b70623","final-medium-robustness-scale_free-02","ed39c6b7032aee4737db62e4323d2a59","medium_robustness","scale_free","partial_overlap",21023,0.125999999999999
"row_identity","node_correspondence","ok","ok",FALSE,480,1,0,"edd68bf9fc3f011c90f9260f4699f14e","final-medium-robustness-scale_free-02","ed39c6b7032aee4737db62e4323d2a59","medium_robustness","scale_free","partial_overlap",21023,0.125999999999999
"source_only_classifier","target_classification","ok","ok",FALSE,480,1,0.25,"bc3ca14bb8ce0814d5805b2b29d416d1","final-medium-robustness-scale_free-02","ed39c6b7032aee4737db62e4323d2a59","medium_robustness","scale_free","partial_overlap",21023,0.125999999999999
"target_only_classifier","target_classification","ok","ok",FALSE,480,1,0.960416666666667,"0ad63bfed263ac4664332a748fd5fef1","final-medium-robustness-scale_free-02","ed39c6b7032aee4737db62e4323d2a59","medium_robustness","scale_free","partial_overlap",21023,0.125999999999999
"chance","node_correspondence","ok","ok",FALSE,480,1,0,"bdf5f655cc67a4117a089c485df157db","final-medium-robustness-scale_free-02","ed39c6b7032aee4737db62e4323d2a59","medium_robustness","scale_free","partial_overlap",21023,0.125999999999999
"raw_attribute_knn","node_correspondence","ok","ok",FALSE,480,1,0,"701e520394b4ff53f77afcc1b5985023","final-medium-robustness-scale_free-03","9e62ffe5f05a3a3567c3284837de884e","medium_robustness","scale_free","partial_overlap",21024,0.101000000000001
"position_only","node_correspondence","ok","ok",FALSE,480,1,0.0979166666666667,"776c04dbad7eecbc81e9dbd66c4d1a6f","final-medium-robustness-scale_free-03","9e62ffe5f05a3a3567c3284837de884e","medium_robustness","scale_free","partial_overlap",21024,0.101000000000001
"topology_descriptor_only","node_correspondence","ok","ok",TRUE,480,1,0,"dfc98d7f3e442542dd2bddab927acca0","final-medium-robustness-scale_free-03","9e62ffe5f05a3a3567c3284837de884e","medium_robustness","scale_free","partial_overlap",21024,0.101000000000001
"anchor_only","node_correspondence","ok","ok",FALSE,480,0,0,"387abaa1eda8fd03ddaf6618883c1b9f","final-medium-robustness-scale_free-03","9e62ffe5f05a3a3567c3284837de884e","medium_robustness","scale_free","partial_overlap",21024,0.101000000000001
"row_identity","node_correspondence","ok","ok",FALSE,480,1,0.00416666666666667,"edd68bf9fc3f011c90f9260f4699f14e","final-medium-robustness-scale_free-03","9e62ffe5f05a3a3567c3284837de884e","medium_robustness","scale_free","partial_overlap",21024,0.101000000000001
"source_only_classifier","target_classification","ok","ok",FALSE,480,1,0.104166666666667,"01c5db742a19d67f36dd08cea8488e0e","final-medium-robustness-scale_free-03","9e62ffe5f05a3a3567c3284837de884e","medium_robustness","scale_free","partial_overlap",21024,0.101000000000001
"target_only_classifier","target_classification","ok","ok",FALSE,480,1,0.979166666666667,"32074dadef989c8e663971398458bffa","final-medium-robustness-scale_free-03","9e62ffe5f05a3a3567c3284837de884e","medium_robustness","scale_free","partial_overlap",21024,0.101000000000001
"chance","node_correspondence","ok","ok",FALSE,480,1,0,"5a17d8eccb6b4319a4999428ba1ebd62","final-medium-robustness-scale_free-03","9e62ffe5f05a3a3567c3284837de884e","medium_robustness","scale_free","partial_overlap",21024,0.101000000000001
"raw_attribute_knn","node_correspondence","ok","ok",FALSE,480,1,0,"135f40401ca8ee7c4d7e926cb08ce374","final-medium-robustness-sbm-closed-01","fe7140ca34e0af0f228135b0c88cba9e","medium_robustness","sbm","closed_world",21037,0.0969999999999995
"position_only","node_correspondence","ok","ok",FALSE,480,1,0.0375,"7c23f04ba4562190ecb2638bfe539615","final-medium-robustness-sbm-closed-01","fe7140ca34e0af0f228135b0c88cba9e","medium_robustness","sbm","closed_world",21037,0.0969999999999995
"topology_descriptor_only","node_correspondence","ok","ok",TRUE,480,1,0.00416666666666667,"50efd7d352da6be5fc9bbfb9f54474a9","final-medium-robustness-sbm-closed-01","fe7140ca34e0af0f228135b0c88cba9e","medium_robustness","sbm","closed_world",21037,0.0969999999999995
"anchor_only","node_correspondence","ok","ok",FALSE,480,0,0,"5fa798e1d62b2f2ea6cf9ae449da7818","final-medium-robustness-sbm-closed-01","fe7140ca34e0af0f228135b0c88cba9e","medium_robustness","sbm","closed_world",21037,0.0969999999999995
"row_identity","node_correspondence","ok","ok",FALSE,480,1,0.00208333333333333,"ba4c404a0017d89532f200b6d98078fc","final-medium-robustness-sbm-closed-01","fe7140ca34e0af0f228135b0c88cba9e","medium_robustness","sbm","closed_world",21037,0.0969999999999995
"source_only_classifier","target_classification","ok","ok",FALSE,480,1,0,"58eec18a070b466c4ec8dfe53d88ae85","final-medium-robustness-sbm-closed-01","fe7140ca34e0af0f228135b0c88cba9e","medium_robustness","sbm","closed_world",21037,0.0969999999999995
"target_only_classifier","target_classification","ok","ok",FALSE,480,1,1,"69f4fe8303f85231bfe9c5468816c85c","final-medium-robustness-sbm-closed-01","fe7140ca34e0af0f228135b0c88cba9e","medium_robustness","sbm","closed_world",21037,0.0969999999999995
"chance","node_correspondence","ok","ok",FALSE,480,1,0,"48445dc35fa8b276f4d9548f7e8d8b5c","final-medium-robustness-sbm-closed-01","fe7140ca34e0af0f228135b0c88cba9e","medium_robustness","sbm","closed_world",21037,0.0969999999999995
"raw_attribute_knn","node_correspondence","ok","ok",FALSE,480,1,0,"b7d683f2d0ecfebd679e77ae4b3b33b6","final-medium-robustness-sbm-closed-02","3a11123c031bfb3e354dd11552bf8c0e","medium_robustness","sbm","closed_world",21038,0.129
"position_only","node_correspondence","ok","ok",FALSE,480,1,0.0541666666666667,"81d63faf7eb9dc7fbf5b2d2db2cae2b6","final-medium-robustness-sbm-closed-02","3a11123c031bfb3e354dd11552bf8c0e","medium_robustness","sbm","closed_world",21038,0.129
"topology_descriptor_only","node_correspondence","ok","ok",TRUE,480,1,0.00208333333333333,"48cb1b8ddd31160e388b759770b1f675","final-medium-robustness-sbm-closed-02","3a11123c031bfb3e354dd11552bf8c0e","medium_robustness","sbm","closed_world",21038,0.129
"anchor_only","node_correspondence","ok","ok",FALSE,480,0,0,"80fb09daeeab4a80723657c98254f342","final-medium-robustness-sbm-closed-02","3a11123c031bfb3e354dd11552bf8c0e","medium_robustness","sbm","closed_world",21038,0.129
"row_identity","node_correspondence","ok","ok",FALSE,480,1,0.00208333333333333,"ba4c404a0017d89532f200b6d98078fc","final-medium-robustness-sbm-closed-02","3a11123c031bfb3e354dd11552bf8c0e","medium_robustness","sbm","closed_world",21038,0.129
"source_only_classifier","target_classification","ok","ok",FALSE,480,1,0.70625,"3bce0c845ff3f97d30dcc7b2b3872ec2","final-medium-robustness-sbm-closed-02","3a11123c031bfb3e354dd11552bf8c0e","medium_robustness","sbm","closed_world",21038,0.129
"target_only_classifier","target_classification","ok","ok",FALSE,480,1,1,"2ab734b11b7fe4496e7fad6704b79769","final-medium-robustness-sbm-closed-02","3a11123c031bfb3e354dd11552bf8c0e","medium_robustness","sbm","closed_world",21038,0.129
"chance","node_correspondence","ok","ok",FALSE,480,1,0,"ba9826f95daa70276bf555d463fa456a","final-medium-robustness-sbm-closed-02","3a11123c031bfb3e354dd11552bf8c0e","medium_robustness","sbm","closed_world",21038,0.129
"raw_attribute_knn","node_correspondence","ok","ok",FALSE,480,1,0,"ecac766c76e8801b3fab6f5a02b7e14a","final-medium-robustness-geometric-closed-01","8ff0c1c639c36bef0df7dbd6c95fbc84","medium_robustness","geometric","closed_world",21039,0.0809999999999995
"position_only","node_correspondence","ok","ok",FALSE,480,1,0.0208333333333333,"f4ae520a4d6a17bd62fcf6ac74b34606","final-medium-robustness-geometric-closed-01","8ff0c1c639c36bef0df7dbd6c95fbc84","medium_robustness","geometric","closed_world",21039,0.0809999999999995
"topology_descriptor_only","node_correspondence","ok","ok",TRUE,480,1,0.00208333333333333,"8aed6a7967a7b23df8ff9e347ff82879","final-medium-robustness-geometric-closed-01","8ff0c1c639c36bef0df7dbd6c95fbc84","medium_robustness","geometric","closed_world",21039,0.0809999999999995
"anchor_only","node_correspondence","ok","ok",FALSE,480,0,0,"a0702d1e753a5550a456dd2001c42e8d","final-medium-robustness-geometric-closed-01","8ff0c1c639c36bef0df7dbd6c95fbc84","medium_robustness","geometric","closed_world",21039,0.0809999999999995
"row_identity","node_correspondence","ok","ok",FALSE,480,1,0.00416666666666667,"ba4c404a0017d89532f200b6d98078fc","final-medium-robustness-geometric-closed-01","8ff0c1c639c36bef0df7dbd6c95fbc84","medium_robustness","geometric","closed_world",21039,0.0809999999999995
"source_only_classifier","target_classification","ok","ok",FALSE,480,1,0,"e37c19a8d0c63b11afa302e400bc3599","final-medium-robustness-geometric-closed-01","8ff0c1c639c36bef0df7dbd6c95fbc84","medium_robustness","geometric","closed_world",21039,0.0809999999999995
"target_only_classifier","target_classification","ok","ok",FALSE,480,1,1,"5f4869bb1a2c2f2a1f42c8b7fa7ff6a4","final-medium-robustness-geometric-closed-01","8ff0c1c639c36bef0df7dbd6c95fbc84","medium_robustness","geometric","closed_world",21039,0.0809999999999995
"chance","node_correspondence","ok","ok",FALSE,480,1,0,"7e932653cf557645a23ada6092e18a0a","final-medium-robustness-geometric-closed-01","8ff0c1c639c36bef0df7dbd6c95fbc84","medium_robustness","geometric","closed_world",21039,0.0809999999999995
"raw_attribute_knn","node_correspondence","ok","ok",FALSE,480,1,0.00208333333333333,"209e9fa0107539779c3a9683eace269e","final-medium-robustness-geometric-closed-02","345feba6461d52ed6a7de7396cd73ac0","medium_robustness","geometric","closed_world",21040,0.0860000000000003
"position_only","node_correspondence","ok","ok",FALSE,480,1,0.00625,"32fbb909c39a13b601282479322432de","final-medium-robustness-geometric-closed-02","345feba6461d52ed6a7de7396cd73ac0","medium_robustness","geometric","closed_world",21040,0.0860000000000003
"topology_descriptor_only","node_correspondence","ok","ok",TRUE,480,1,0.00416666666666667,"dd92b67eecf812ec0f4510cede1167b3","final-medium-robustness-geometric-closed-02","345feba6461d52ed6a7de7396cd73ac0","medium_robustness","geometric","closed_world",21040,0.0860000000000003
"anchor_only","node_correspondence","ok","ok",FALSE,480,0,0,"270d363eba5ca70cf22d166ff0f8e9cb","final-medium-robustness-geometric-closed-02","345feba6461d52ed6a7de7396cd73ac0","medium_robustness","geometric","closed_world",21040,0.0860000000000003
"row_identity","node_correspondence","ok","ok",FALSE,480,1,0.00208333333333333,"ba4c404a0017d89532f200b6d98078fc","final-medium-robustness-geometric-closed-02","345feba6461d52ed6a7de7396cd73ac0","medium_robustness","geometric","closed_world",21040,0.0860000000000003
"source_only_classifier","target_classification","ok","ok",FALSE,480,1,0.125,"dfad2d584b868a1271bb51cf0ff80b69","final-medium-robustness-geometric-closed-02","345feba6461d52ed6a7de7396cd73ac0","medium_robustness","geometric","closed_world",21040,0.0860000000000003
"target_only_classifier","target_classification","ok","ok",FALSE,480,1,1,"24bb1e8b965798c25628d1d27d9830de","final-medium-robustness-geometric-closed-02","345feba6461d52ed6a7de7396cd73ac0","medium_robustness","geometric","closed_world",21040,0.0860000000000003
"chance","node_correspondence","ok","ok",FALSE,480,1,0.00208333333333333,"6bbe7363961b7685bf6cb3e3c82f589a","final-medium-robustness-geometric-closed-02","345feba6461d52ed6a7de7396cd73ac0","medium_robustness","geometric","closed_world",21040,0.0860000000000003
"raw_attribute_knn","node_correspondence","ok","ok",FALSE,480,1,0.00208333333333333,"7b8801fc6eeed0eb9174f26f55af0a23","final-medium-robustness-scale_free-closed-01","4b06c508b5e7623445f1dc1e2cc9b977","medium_robustness","scale_free","closed_world",21041,0.0820000000000007
"position_only","node_correspondence","ok","ok",FALSE,480,1,0.135416666666667,"d21f26c48d65bc8bb00f26e67b547410","final-medium-robustness-scale_free-closed-01","4b06c508b5e7623445f1dc1e2cc9b977","medium_robustness","scale_free","closed_world",21041,0.0820000000000007
"topology_descriptor_only","node_correspondence","ok","ok",TRUE,480,1,0.00833333333333333,"238a60cb847509b79f928e72f331238d","final-medium-robustness-scale_free-closed-01","4b06c508b5e7623445f1dc1e2cc9b977","medium_robustness","scale_free","closed_world",21041,0.0820000000000007
"anchor_only","node_correspondence","ok","ok",FALSE,480,0,0,"5312f6a37a2df1359cb07e3ee4c1ca4e","final-medium-robustness-scale_free-closed-01","4b06c508b5e7623445f1dc1e2cc9b977","medium_robustness","scale_free","closed_world",21041,0.0820000000000007
"row_identity","node_correspondence","ok","ok",FALSE,480,1,0.00208333333333333,"ba4c404a0017d89532f200b6d98078fc","final-medium-robustness-scale_free-closed-01","4b06c508b5e7623445f1dc1e2cc9b977","medium_robustness","scale_free","closed_world",21041,0.0820000000000007
"source_only_classifier","target_classification","ok","ok",FALSE,480,1,0.229166666666667,"9753ed98fc77134cf17139ab69abe208","final-medium-robustness-scale_free-closed-01","4b06c508b5e7623445f1dc1e2cc9b977","medium_robustness","scale_free","closed_world",21041,0.0820000000000007
"target_only_classifier","target_classification","ok","ok",FALSE,480,1,0.997916666666667,"59e25d481ed4dcc7a67d1193eebc02b8","final-medium-robustness-scale_free-closed-01","4b06c508b5e7623445f1dc1e2cc9b977","medium_robustness","scale_free","closed_world",21041,0.0820000000000007
"chance","node_correspondence","ok","ok",FALSE,480,1,0.00625,"b36713d242119c77a3e465505af85349","final-medium-robustness-scale_free-closed-01","4b06c508b5e7623445f1dc1e2cc9b977","medium_robustness","scale_free","closed_world",21041,0.0820000000000007
"raw_attribute_knn","node_correspondence","ok","ok",FALSE,480,1,0,"fca2e9c1d3a5aac75c0edf58ce45bae1","final-medium-robustness-scale_free-closed-02","5a66dd4120ca8ae10ed10248bbeeaabd","medium_robustness","scale_free","closed_world",21042,0.132
"position_only","node_correspondence","ok","ok",FALSE,480,1,0.13125,"f0e05d1e32c908d0502bba61ff1833b0","final-medium-robustness-scale_free-closed-02","5a66dd4120ca8ae10ed10248bbeeaabd","medium_robustness","scale_free","closed_world",21042,0.132
"topology_descriptor_only","node_correspondence","ok","ok",TRUE,480,1,0.00416666666666667,"198ed3b8af9d99078710f72c5a76d50c","final-medium-robustness-scale_free-closed-02","5a66dd4120ca8ae10ed10248bbeeaabd","medium_robustness","scale_free","closed_world",21042,0.132
"anchor_only","node_correspondence","ok","ok",FALSE,480,0,0,"5b07570f077af3743edd09f0c9509e7b","final-medium-robustness-scale_free-closed-02","5a66dd4120ca8ae10ed10248bbeeaabd","medium_robustness","scale_free","closed_world",21042,0.132
"row_identity","node_correspondence","ok","ok",FALSE,480,1,0,"ba4c404a0017d89532f200b6d98078fc","final-medium-robustness-scale_free-closed-02","5a66dd4120ca8ae10ed10248bbeeaabd","medium_robustness","scale_free","closed_world",21042,0.132
"source_only_classifier","target_classification","ok","ok",FALSE,480,1,0.0458333333333333,"e9a7baa971ce31280e85d1a4bf84c6f1","final-medium-robustness-scale_free-closed-02","5a66dd4120ca8ae10ed10248bbeeaabd","medium_robustness","scale_free","closed_world",21042,0.132
"target_only_classifier","target_classification","ok","ok",FALSE,480,1,0.929166666666667,"387561b3c5f02561f430c381b45c5e84","final-medium-robustness-scale_free-closed-02","5a66dd4120ca8ae10ed10248bbeeaabd","medium_robustness","scale_free","closed_world",21042,0.132
"chance","node_correspondence","ok","ok",FALSE,480,1,0.00208333333333333,"1c10ce18dc4de23c360306f8f51d0c4e","final-medium-robustness-scale_free-closed-02","5a66dd4120ca8ae10ed10248bbeeaabd","medium_robustness","scale_free","closed_world",21042,0.132
"raw_attribute_knn","node_correspondence","ok","ok",FALSE,3000,1,0,"43a2035aa6bd92a497a51dd588968151","final-large-scaling-sbm-01","3b0101b3eb4c67509b2682ccf107e61f","large_scaling","sbm","partial_overlap",21025,1.908
"position_only","node_correspondence","ok","ok",FALSE,3000,1,0.0336666666666667,"68cb73b74603fa08f77d8c3b59e2e602","final-large-scaling-sbm-01","3b0101b3eb4c67509b2682ccf107e61f","large_scaling","sbm","partial_overlap",21025,1.908
"topology_descriptor_only","node_correspondence","ok","ok",TRUE,3000,1,0.00133333333333333,"027aedb5655ac8e19daecb55eb3aa693","final-large-scaling-sbm-01","3b0101b3eb4c67509b2682ccf107e61f","large_scaling","sbm","partial_overlap",21025,1.908
"anchor_only","node_correspondence","ok","ok",FALSE,3000,0,0,"7fe97f2739583f0a199625984dab8e4a","final-large-scaling-sbm-01","3b0101b3eb4c67509b2682ccf107e61f","large_scaling","sbm","partial_overlap",21025,1.908
"row_identity","node_correspondence","ok","ok",FALSE,3000,1,0.000333333333333333,"595a8d0129da5145dfafe75196b9c677","final-large-scaling-sbm-01","3b0101b3eb4c67509b2682ccf107e61f","large_scaling","sbm","partial_overlap",21025,1.908
"source_only_classifier","target_classification","ok","ok",FALSE,3000,1,0.492,"bad1d934ba05df6caef86789ef2984d9","final-large-scaling-sbm-01","3b0101b3eb4c67509b2682ccf107e61f","large_scaling","sbm","partial_overlap",21025,1.908
"target_only_classifier","target_classification","ok","ok",FALSE,3000,1,1,"be924c0fd76160c105c19d77ea4fb802","final-large-scaling-sbm-01","3b0101b3eb4c67509b2682ccf107e61f","large_scaling","sbm","partial_overlap",21025,1.908
"chance","node_correspondence","ok","ok",FALSE,3000,1,0,"0b101bfbd7b111dd22237bb95c485c68","final-large-scaling-sbm-01","3b0101b3eb4c67509b2682ccf107e61f","large_scaling","sbm","partial_overlap",21025,1.908
"raw_attribute_knn","node_correspondence","ok","ok",FALSE,6000,1,0,"3e5e15f63b9d07e2d2f61f53ce3fef3c","final-large-scaling-sbm-02","0a398094bc541d2b7a888da8a1748324","large_scaling","sbm","partial_overlap",21026,3.329
"position_only","node_correspondence","ok","ok",FALSE,6000,1,0.0121666666666667,"ddce87f6402ccaba0f5d804c4c6f508a","final-large-scaling-sbm-02","0a398094bc541d2b7a888da8a1748324","large_scaling","sbm","partial_overlap",21026,3.329
"topology_descriptor_only","node_correspondence","ok","ok",TRUE,6000,1,0.000833333333333333,"230f418425a8d4afe34b44b4770d9044","final-large-scaling-sbm-02","0a398094bc541d2b7a888da8a1748324","large_scaling","sbm","partial_overlap",21026,3.329
"anchor_only","node_correspondence","ok","ok",FALSE,6000,0,0,"5576173b54d3d54cef89261b0ac60dd3","final-large-scaling-sbm-02","0a398094bc541d2b7a888da8a1748324","large_scaling","sbm","partial_overlap",21026,3.329
"row_identity","node_correspondence","ok","ok",FALSE,6000,1,0.000166666666666667,"928bba7b12bdf6a27f5950f6c04758c3","final-large-scaling-sbm-02","0a398094bc541d2b7a888da8a1748324","large_scaling","sbm","partial_overlap",21026,3.329
"source_only_classifier","target_classification","ok","ok",FALSE,6000,1,0.55,"89479397f0e54279bca96be55ff87077","final-large-scaling-sbm-02","0a398094bc541d2b7a888da8a1748324","large_scaling","sbm","partial_overlap",21026,3.329
"target_only_classifier","target_classification","ok","ok",FALSE,6000,1,1,"875c497bd3c391ed7d10947d7ed24848","final-large-scaling-sbm-02","0a398094bc541d2b7a888da8a1748324","large_scaling","sbm","partial_overlap",21026,3.329
"chance","node_correspondence","ok","ok",FALSE,6000,1,0.000333333333333333,"aa770afb89c63cf341585f2a4cf563fd","final-large-scaling-sbm-02","0a398094bc541d2b7a888da8a1748324","large_scaling","sbm","partial_overlap",21026,3.329
"raw_attribute_knn","node_correspondence","ok","ok",FALSE,3000,1,0,"fa650f863fcbf646e9cf389443401170","final-large-scaling-geometric-01","fdb3a18c759f6b3e781e4fd50a7c04c8","large_scaling","geometric","partial_overlap",21027,1.524
"position_only","node_correspondence","ok","ok",FALSE,3000,1,0.007,"78379e5ec55082924061d2d048529899","final-large-scaling-geometric-01","fdb3a18c759f6b3e781e4fd50a7c04c8","large_scaling","geometric","partial_overlap",21027,1.524
"topology_descriptor_only","node_correspondence","ok","ok",TRUE,3000,1,0.000333333333333333,"3253e335033a0b7530a05c03ae095f65","final-large-scaling-geometric-01","fdb3a18c759f6b3e781e4fd50a7c04c8","large_scaling","geometric","partial_overlap",21027,1.524
"anchor_only","node_correspondence","ok","ok",FALSE,3000,0,0,"670fde2aaec09b8052901978aaf6bbf9","final-large-scaling-geometric-01","fdb3a18c759f6b3e781e4fd50a7c04c8","large_scaling","geometric","partial_overlap",21027,1.524
"row_identity","node_correspondence","ok","ok",FALSE,3000,1,0,"595a8d0129da5145dfafe75196b9c677","final-large-scaling-geometric-01","fdb3a18c759f6b3e781e4fd50a7c04c8","large_scaling","geometric","partial_overlap",21027,1.524
"source_only_classifier","target_classification","ok","ok",FALSE,3000,1,0.203666666666667,"a6de57cf2caf423eec09888f0c2b9275","final-large-scaling-geometric-01","fdb3a18c759f6b3e781e4fd50a7c04c8","large_scaling","geometric","partial_overlap",21027,1.524
"target_only_classifier","target_classification","ok","ok",FALSE,3000,1,1,"d029289613aae0be3f92acc41fd1855b","final-large-scaling-geometric-01","fdb3a18c759f6b3e781e4fd50a7c04c8","large_scaling","geometric","partial_overlap",21027,1.524
"chance","node_correspondence","ok","ok",FALSE,3000,1,0.000333333333333333,"a5a120ae231dcd3852686811efa38464","final-large-scaling-geometric-01","fdb3a18c759f6b3e781e4fd50a7c04c8","large_scaling","geometric","partial_overlap",21027,1.524
"raw_attribute_knn","node_correspondence","ok","ok",FALSE,6000,1,0,"defd484fad202681ae4cd64a051e3d7a","final-large-scaling-geometric-02","1b90c450bc5315cd2e3d51ea5d4944d3","large_scaling","geometric","partial_overlap",21028,5.257
"position_only","node_correspondence","ok","ok",FALSE,6000,1,0.003,"7a3a95f2912f5d413458b427a8ebefec","final-large-scaling-geometric-02","1b90c450bc5315cd2e3d51ea5d4944d3","large_scaling","geometric","partial_overlap",21028,5.257
"topology_descriptor_only","node_correspondence","ok","ok",TRUE,6000,1,0.000166666666666667,"b2f6bf7aeed2fa9723ed34d2d60f9a92","final-large-scaling-geometric-02","1b90c450bc5315cd2e3d51ea5d4944d3","large_scaling","geometric","partial_overlap",21028,5.257
"anchor_only","node_correspondence","ok","ok",FALSE,6000,0,0,"6aae3cb83f0cf52324cab8910c421179","final-large-scaling-geometric-02","1b90c450bc5315cd2e3d51ea5d4944d3","large_scaling","geometric","partial_overlap",21028,5.257
"row_identity","node_correspondence","ok","ok",FALSE,6000,1,0.000166666666666667,"928bba7b12bdf6a27f5950f6c04758c3","final-large-scaling-geometric-02","1b90c450bc5315cd2e3d51ea5d4944d3","large_scaling","geometric","partial_overlap",21028,5.257
"source_only_classifier","target_classification","ok","ok",FALSE,6000,1,0.481166666666667,"243a47fd6dc29fdf57f6d8ce3480b2ff","final-large-scaling-geometric-02","1b90c450bc5315cd2e3d51ea5d4944d3","large_scaling","geometric","partial_overlap",21028,5.257
"target_only_classifier","target_classification","ok","ok",FALSE,6000,1,1,"32916ed3736d9d750f05ce5c9d10ec5b","final-large-scaling-geometric-02","1b90c450bc5315cd2e3d51ea5d4944d3","large_scaling","geometric","partial_overlap",21028,5.257
"chance","node_correspondence","ok","ok",FALSE,6000,1,0,"0fea6196c6f30107b6f07a5e54eaa866","final-large-scaling-geometric-02","1b90c450bc5315cd2e3d51ea5d4944d3","large_scaling","geometric","partial_overlap",21028,5.257
"raw_attribute_knn","node_correspondence","ok","ok",FALSE,3000,1,0,"831da130f8eb840e43a678dd0cc2d863","final-large-scaling-scale_free-01","a5e3ff96729bf2583bab048553f070c0","large_scaling","scale_free","partial_overlap",21029,1.909
"position_only","node_correspondence","ok","ok",FALSE,3000,1,0.0713333333333333,"8cab8bc2621c8f3d77b96409eadc6ce4","final-large-scaling-scale_free-01","a5e3ff96729bf2583bab048553f070c0","large_scaling","scale_free","partial_overlap",21029,1.909
"topology_descriptor_only","node_correspondence","ok","ok",TRUE,3000,1,0.000333333333333333,"02aaef0922ffb8e889713739743f82ee","final-large-scaling-scale_free-01","a5e3ff96729bf2583bab048553f070c0","large_scaling","scale_free","partial_overlap",21029,1.909
"anchor_only","node_correspondence","ok","ok",FALSE,3000,0,0,"482d72592cc23cbecff89ff0769e0c49","final-large-scaling-scale_free-01","a5e3ff96729bf2583bab048553f070c0","large_scaling","scale_free","partial_overlap",21029,1.909
"row_identity","node_correspondence","ok","ok",FALSE,3000,1,0.000333333333333333,"595a8d0129da5145dfafe75196b9c677","final-large-scaling-scale_free-01","a5e3ff96729bf2583bab048553f070c0","large_scaling","scale_free","partial_overlap",21029,1.909
"source_only_classifier","target_classification","ok","ok",FALSE,3000,1,0,"4fa01c5750735aa0d5f8222333269d1b","final-large-scaling-scale_free-01","a5e3ff96729bf2583bab048553f070c0","large_scaling","scale_free","partial_overlap",21029,1.909
"target_only_classifier","target_classification","ok","ok",FALSE,3000,1,0.992666666666667,"8e181a142bf88d211b078b1797a40622","final-large-scaling-scale_free-01","a5e3ff96729bf2583bab048553f070c0","large_scaling","scale_free","partial_overlap",21029,1.909
"chance","node_correspondence","ok","ok",FALSE,3000,1,0.000666666666666667,"248384c7c1c5aa8936c66e4a878e86b5","final-large-scaling-scale_free-01","a5e3ff96729bf2583bab048553f070c0","large_scaling","scale_free","partial_overlap",21029,1.909
"raw_attribute_knn","node_correspondence","ok","ok",FALSE,6000,1,0,"c646b2b65a0a5a35de09a33131f31a79","final-large-scaling-scale_free-02","edf0cd39a0a7a2b466ce94b8cd6a07c0","large_scaling","scale_free","partial_overlap",21030,4.76
"position_only","node_correspondence","ok","ok",FALSE,6000,1,0.0581666666666667,"c1395fd6b6e0469c11212f4c055e5d84","final-large-scaling-scale_free-02","edf0cd39a0a7a2b466ce94b8cd6a07c0","large_scaling","scale_free","partial_overlap",21030,4.76
"topology_descriptor_only","node_correspondence","ok","ok",TRUE,6000,1,0.000666666666666667,"3dd75914ec39e7ffacddbface2b8c4a8","final-large-scaling-scale_free-02","edf0cd39a0a7a2b466ce94b8cd6a07c0","large_scaling","scale_free","partial_overlap",21030,4.76
"anchor_only","node_correspondence","ok","ok",FALSE,6000,0,0,"b5a5760e46aaf6acf988a646ae8c954f","final-large-scaling-scale_free-02","edf0cd39a0a7a2b466ce94b8cd6a07c0","large_scaling","scale_free","partial_overlap",21030,4.76
"row_identity","node_correspondence","ok","ok",FALSE,6000,1,0.000166666666666667,"928bba7b12bdf6a27f5950f6c04758c3","final-large-scaling-scale_free-02","edf0cd39a0a7a2b466ce94b8cd6a07c0","large_scaling","scale_free","partial_overlap",21030,4.76
"source_only_classifier","target_classification","ok","ok",FALSE,6000,1,0.134333333333333,"d5f1229f8082fd6de888875cc78f30ce","final-large-scaling-scale_free-02","edf0cd39a0a7a2b466ce94b8cd6a07c0","large_scaling","scale_free","partial_overlap",21030,4.76
"target_only_classifier","target_classification","ok","ok",FALSE,6000,1,0.983666666666667,"937366c0b42c6e09511415bf9b36e758","final-large-scaling-scale_free-02","edf0cd39a0a7a2b466ce94b8cd6a07c0","large_scaling","scale_free","partial_overlap",21030,4.76
"chance","node_correspondence","ok","ok",FALSE,6000,1,0.000166666666666667,"d2b2be6d40dc9f8d9669af65825c7f37","final-large-scaling-scale_free-02","edf0cd39a0a7a2b466ce94b8cd6a07c0","large_scaling","scale_free","partial_overlap",21030,4.76
