"protocol_version","case_id","split","tier","family","n_shared","n_private_1","n_private_2","attr_dim","n_anchors","label_fraction","edge_delete","edge_add","edge_rewire","weight_noise","weight_scale","directed","heterophily","misleading_fraction","position_jitter","rigid_transform","missing_attribute_fraction","attribute_noise","class_imbalance","private_classes","preprocessing_id","tuning_budget","seed"
"2.0.0","final-oracle-sbm-01","final","oracle","sbm",12,0,0,4,4,0.5,0,0,0,0,1,FALSE,0,0,0,TRUE,0,0,0,FALSE,"train_numeric_center_scale_v1",0,21001
"2.0.0","final-oracle-sbm-02","final","oracle","sbm",12,0,0,4,4,0.5,0,0,0,0,1,TRUE,0,0,0,TRUE,0,0,0,FALSE,"train_numeric_center_scale_v1",0,21002
"2.0.0","final-oracle-geometric-01","final","oracle","geometric",12,0,0,4,4,0.5,0,0,0,0,1,FALSE,0,0,0,TRUE,0,0,0,FALSE,"train_numeric_center_scale_v1",0,21003
"2.0.0","final-oracle-geometric-02","final","oracle","geometric",12,0,0,4,4,0.5,0,0,0,0,1,FALSE,0,0,0,TRUE,0,0,0,FALSE,"train_numeric_center_scale_v1",0,21004
"2.0.0","final-oracle-scale_free-01","final","oracle","scale_free",12,0,0,4,4,0.5,0,0,0,0,1,TRUE,0,0,0,TRUE,0,0,0,FALSE,"train_numeric_center_scale_v1",0,21005
"2.0.0","final-oracle-scale_free-02","final","oracle","scale_free",12,0,0,4,4,0.5,0,0,0,0,1,TRUE,0,0,0,TRUE,0,0,0,FALSE,"train_numeric_center_scale_v1",0,21006
"2.0.0","final-small-accuracy-sbm-01","final","small_accuracy","sbm",120,6,9,8,8,0.15,0.08,0.05,0.05,0.1,1.1,FALSE,0.05,0.05,0.04,TRUE,0.05,0.08,0.2,TRUE,"train_numeric_center_scale_v1",0,21007
"2.0.0","final-small-accuracy-sbm-02","final","small_accuracy","sbm",120,6,9,8,8,0.15,0.1,0.05,0.05,0.1,1.1,TRUE,0.05,0.05,0.04,TRUE,0.05,0.1,0.2,TRUE,"train_numeric_center_scale_v1",0,21008
"2.0.0","final-small-accuracy-sbm-03","final","small_accuracy","sbm",120,6,9,8,8,0.15,0.12,0.05,0.05,0.1,1.1,FALSE,0.05,0.05,0.04,TRUE,0.05,0.12,0.2,TRUE,"train_numeric_center_scale_v1",0,21009
"2.0.0","final-small-accuracy-geometric-01","final","small_accuracy","geometric",120,6,9,8,8,0.15,0.08,0.05,0.05,0.1,1.1,FALSE,0.05,0.05,0.04,TRUE,0.05,0.08,0.2,TRUE,"train_numeric_center_scale_v1",0,21010
"2.0.0","final-small-accuracy-geometric-02","final","small_accuracy","geometric",120,6,9,8,8,0.15,0.1,0.05,0.05,0.1,1.1,FALSE,0.05,0.05,0.04,TRUE,0.05,0.1,0.2,TRUE,"train_numeric_center_scale_v1",0,21011
"2.0.0","final-small-accuracy-geometric-03","final","small_accuracy","geometric",120,6,9,8,8,0.15,0.12,0.05,0.05,0.1,1.1,FALSE,0.05,0.05,0.04,TRUE,0.05,0.12,0.2,TRUE,"train_numeric_center_scale_v1",0,21012
"2.0.0","final-small-accuracy-scale_free-01","final","small_accuracy","scale_free",120,6,9,8,8,0.15,0.08,0.05,0.05,0.1,1.1,TRUE,0.05,0.05,0.04,TRUE,0.05,0.08,0.2,TRUE,"train_numeric_center_scale_v1",0,21013
"2.0.0","final-small-accuracy-scale_free-02","final","small_accuracy","scale_free",120,6,9,8,8,0.15,0.1,0.05,0.05,0.1,1.1,TRUE,0.05,0.05,0.04,TRUE,0.05,0.1,0.2,TRUE,"train_numeric_center_scale_v1",0,21014
"2.0.0","final-small-accuracy-scale_free-03","final","small_accuracy","scale_free",120,6,9,8,8,0.15,0.12,0.05,0.05,0.1,1.1,TRUE,0.05,0.05,0.04,TRUE,0.05,0.12,0.2,TRUE,"train_numeric_center_scale_v1",0,21015
"2.0.0","final-small-accuracy-sbm-closed-01","final","small_accuracy","sbm",120,0,0,8,8,0.15,0.08,0.05,0.05,0.1,1.1,FALSE,0.05,0.05,0.04,TRUE,0.05,0.08,0.2,FALSE,"train_numeric_center_scale_v1",0,21031
"2.0.0","final-small-accuracy-sbm-closed-02","final","small_accuracy","sbm",120,0,0,8,8,0.15,0.12,0.05,0.05,0.1,1.1,TRUE,0.05,0.05,0.04,TRUE,0.05,0.12,0.2,FALSE,"train_numeric_center_scale_v1",0,21032
"2.0.0","final-small-accuracy-geometric-closed-01","final","small_accuracy","geometric",120,0,0,8,8,0.15,0.08,0.05,0.05,0.1,1.1,FALSE,0.05,0.05,0.04,TRUE,0.05,0.08,0.2,FALSE,"train_numeric_center_scale_v1",0,21033
"2.0.0","final-small-accuracy-geometric-closed-02","final","small_accuracy","geometric",120,0,0,8,8,0.15,0.12,0.05,0.05,0.1,1.1,FALSE,0.05,0.05,0.04,TRUE,0.05,0.12,0.2,FALSE,"train_numeric_center_scale_v1",0,21034
"2.0.0","final-small-accuracy-scale_free-closed-01","final","small_accuracy","scale_free",120,0,0,8,8,0.15,0.08,0.05,0.05,0.1,1.1,TRUE,0.05,0.05,0.04,TRUE,0.05,0.08,0.2,FALSE,"train_numeric_center_scale_v1",0,21035
"2.0.0","final-small-accuracy-scale_free-closed-02","final","small_accuracy","scale_free",120,0,0,8,8,0.15,0.12,0.05,0.05,0.1,1.1,TRUE,0.05,0.05,0.04,TRUE,0.05,0.12,0.2,FALSE,"train_numeric_center_scale_v1",0,21036
"2.0.0","final-medium-robustness-sbm-01","final","medium_robustness","sbm",800,80,120,12,12,0.08,0.25,0.15,0.2,0.35,0.65,FALSE,0.25,0.2,0.15,TRUE,0.25,0.25,0.55,TRUE,"train_numeric_center_scale_v1",0,21016
"2.0.0","final-medium-robustness-sbm-02","final","medium_robustness","sbm",800,80,120,12,12,0.08,0.3,0.15,0.2,0.35,1.4,TRUE,0.25,0.25,0.15,TRUE,0.25,0.25,0.55,TRUE,"train_numeric_center_scale_v1",0,21017
"2.0.0","final-medium-robustness-sbm-03","final","medium_robustness","sbm",800,80,120,12,12,0.08,0.35,0.15,0.2,0.35,2,FALSE,0.25,0.3,0.15,TRUE,0.25,0.25,0.55,TRUE,"train_numeric_center_scale_v1",0,21018
"2.0.0","final-medium-robustness-geometric-01","final","medium_robustness","geometric",800,80,120,12,12,0.08,0.25,0.15,0.2,0.35,0.65,FALSE,0.25,0.2,0.15,TRUE,0.25,0.25,0.55,TRUE,"train_numeric_center_scale_v1",0,21019
"2.0.0","final-medium-robustness-geometric-02","final","medium_robustness","geometric",800,80,120,12,12,0.08,0.3,0.15,0.2,0.35,1.4,FALSE,0.25,0.25,0.15,TRUE,0.25,0.25,0.55,TRUE,"train_numeric_center_scale_v1",0,21020
"2.0.0","final-medium-robustness-geometric-03","final","medium_robustness","geometric",800,80,120,12,12,0.08,0.35,0.15,0.2,0.35,2,FALSE,0.25,0.3,0.15,TRUE,0.25,0.25,0.55,TRUE,"train_numeric_center_scale_v1",0,21021
"2.0.0","final-medium-robustness-scale_free-01","final","medium_robustness","scale_free",800,80,120,12,12,0.08,0.25,0.15,0.2,0.35,0.65,TRUE,0.25,0.2,0.15,TRUE,0.25,0.25,0.55,TRUE,"train_numeric_center_scale_v1",0,21022
"2.0.0","final-medium-robustness-scale_free-02","final","medium_robustness","scale_free",800,80,120,12,12,0.08,0.3,0.15,0.2,0.35,1.4,TRUE,0.25,0.25,0.15,TRUE,0.25,0.25,0.55,TRUE,"train_numeric_center_scale_v1",0,21023
"2.0.0","final-medium-robustness-scale_free-03","final","medium_robustness","scale_free",800,80,120,12,12,0.08,0.35,0.15,0.2,0.35,2,TRUE,0.25,0.3,0.15,TRUE,0.25,0.25,0.55,TRUE,"train_numeric_center_scale_v1",0,21024
"2.0.0","final-medium-robustness-sbm-closed-01","final","medium_robustness","sbm",800,0,0,12,12,0.08,0.25,0.15,0.2,0.35,0.65,FALSE,0.25,0.2,0.15,TRUE,0.25,0.25,0.55,FALSE,"train_numeric_center_scale_v1",0,21037
"2.0.0","final-medium-robustness-sbm-closed-02","final","medium_robustness","sbm",800,0,0,12,12,0.08,0.35,0.15,0.2,0.35,2,TRUE,0.25,0.3,0.15,TRUE,0.25,0.25,0.55,FALSE,"train_numeric_center_scale_v1",0,21038
"2.0.0","final-medium-robustness-geometric-closed-01","final","medium_robustness","geometric",800,0,0,12,12,0.08,0.25,0.15,0.2,0.35,0.65,FALSE,0.25,0.2,0.15,TRUE,0.25,0.25,0.55,FALSE,"train_numeric_center_scale_v1",0,21039
"2.0.0","final-medium-robustness-geometric-closed-02","final","medium_robustness","geometric",800,0,0,12,12,0.08,0.35,0.15,0.2,0.35,2,FALSE,0.25,0.3,0.15,TRUE,0.25,0.25,0.55,FALSE,"train_numeric_center_scale_v1",0,21040
"2.0.0","final-medium-robustness-scale_free-closed-01","final","medium_robustness","scale_free",800,0,0,12,12,0.08,0.25,0.15,0.2,0.35,0.65,TRUE,0.25,0.2,0.15,TRUE,0.25,0.25,0.55,FALSE,"train_numeric_center_scale_v1",0,21041
"2.0.0","final-medium-robustness-scale_free-closed-02","final","medium_robustness","scale_free",800,0,0,12,12,0.08,0.35,0.15,0.2,0.35,2,TRUE,0.25,0.3,0.15,TRUE,0.25,0.25,0.55,FALSE,"train_numeric_center_scale_v1",0,21042
"2.0.0","final-large-scaling-sbm-01","final","large_scaling","sbm",5000,500,800,16,20,0.02,0.1,0.05,0.1,0.15,0.8,FALSE,0.1,0.05,0.08,TRUE,0.1,0.1,0.4,TRUE,"train_numeric_center_scale_v1",0,21025
"2.0.0","final-large-scaling-sbm-02","final","large_scaling","sbm",10000,1000,1600,16,20,0.02,0.1,0.05,0.1,0.15,0.8,TRUE,0.1,0.05,0.08,TRUE,0.1,0.1,0.4,TRUE,"train_numeric_center_scale_v1",0,21026
"2.0.0","final-large-scaling-geometric-01","final","large_scaling","geometric",5000,500,800,16,20,0.02,0.1,0.05,0.1,0.15,0.8,FALSE,0.1,0.05,0.08,TRUE,0.1,0.1,0.4,TRUE,"train_numeric_center_scale_v1",0,21027
"2.0.0","final-large-scaling-geometric-02","final","large_scaling","geometric",10000,1000,1600,16,20,0.02,0.1,0.05,0.1,0.15,0.8,FALSE,0.1,0.05,0.08,TRUE,0.1,0.1,0.4,TRUE,"train_numeric_center_scale_v1",0,21028
"2.0.0","final-large-scaling-scale_free-01","final","large_scaling","scale_free",5000,500,800,16,20,0.02,0.1,0.05,0.1,0.15,0.8,TRUE,0.1,0.05,0.08,TRUE,0.1,0.1,0.4,TRUE,"train_numeric_center_scale_v1",0,21029
"2.0.0","final-large-scaling-scale_free-02","final","large_scaling","scale_free",10000,1000,1600,16,20,0.02,0.1,0.05,0.1,0.15,0.8,TRUE,0.1,0.05,0.08,TRUE,0.1,0.1,0.4,TRUE,"train_numeric_center_scale_v1",0,21030
