"tournament_version","protocol_version","manifest_hash","case_id","case_hash","split","tier","family","overlap_regime","generation_seed","n_source","n_target","n_total","n_shared","n_private_source","n_private_target","method_id","method","input_class","adapter_id","adapter_input_hash","row_identity_hash","topology_disposition","observed_topology_used","observed_edge_count","intended_to_run","applicability_status","applicability_code","applicability_detail","status","status_code","status_detail","error_class","error_message","warning_count","warning_messages","parameter_set_id","parameter_set_hash","parameter_provenance","parameter_search_budget","parameter_trials_used","wall_clock_budget_sec","runtime_sec","process_elapsed_sec","worker_pid","peak_rss_mb","memory_measurement","retained_state_mb","candidate_edges","dense_pairwise_allocated","matching_status","matching_n_eligible","coverage","top1_accuracy","hits_at_1","hits_at_5","hits_at_10","mrr","mrr_at_10","ranking_depth","ranking_complete","ranking_decoder","one_to_one_feasible","one_to_one_rate","anchor_top1_accuracy","nonanchor_top1_accuracy","private_rejection_accuracy","weighted_structure_conservation","prediction_hash","classification_status","classification_n_eligible","classification_coverage","classification_oa","classification_balanced_accuracy","classification_macro_f1","classification_miou","classification_rare_class_recall","classification_seen_accuracy","classification_unseen_accuracy","classification_ece","classification_nll","classification_decoder","converged","solver_residual","row_marginal_error","column_marginal_error","objective_start","objective_end","objective_nonincreasing"
"2.0.0-tournament.1","2.0.0","2f79e4b34867edba288239fbc427a437","final-oracle-sbm-01","7175140501b7af916a588bc1c56e1ccb","final","oracle","sbm","closed_world",21001,12,12,24,12,0,0,"kema","KEMA / REKEMA","feature_derived_graph","graph-v2-kema-adapter-v1","6ae83ee30e381ef2f4ec3a8074f68594","ffa4ed1861e36a7f4d7bb9842cb502c6","feature_derived_only",FALSE,0,TRUE,"applicable","ok",,"ok","ok",,,,0,,"graph-v2-kema-fixed-v1","b2036a019c72b12c3c5d8c4d6a38477e","frozen_before_final_execution",0,1,30,0.224,0.293034076690674,81842,246.234375,"external_process_peak_rss",0.113670349121094,0,,"ok",12,1,0.416666666666667,0.416666666666667,0.666666666666667,0.916666666666667,0.54130291005291,0.534358465608466,12,TRUE,"native_first_common_embedding",FALSE,0.5,0.75,0.25,,0.506788330614283,"bfb3538ed4ab561c583ef13a1cff757f","ok",5,1,0,0,0,0,0,0,,0.294507605479644,1.41897774590594,"source_label_common_centroid_v1",,,,,,,
"2.0.0-tournament.1","2.0.0","2f79e4b34867edba288239fbc427a437","final-oracle-sbm-02","801d04df2032c12c3c70db6a9b7fcccb","final","oracle","sbm","closed_world",21002,12,12,24,12,0,0,"kema","KEMA / REKEMA","feature_derived_graph","graph-v2-kema-adapter-v1","fb57c83e290c0f9f30e82b9a0b6148a7","8b067593cb32a7b869e4f295f18f8af7","feature_derived_only",FALSE,0,TRUE,"applicable","ok",,"ok","ok",,,,0,,"graph-v2-kema-fixed-v1","b2036a019c72b12c3c5d8c4d6a38477e","frozen_before_final_execution",0,1,30,0.166,0.251178026199341,81851,255.765625,"external_process_peak_rss",0.113670349121094,0,,"ok",12,1,0.166666666666667,0.166666666666667,0.5,0.916666666666667,0.356944444444444,0.35,12,TRUE,"native_first_common_embedding",FALSE,0.333333333333333,0.5,0,,0.201669320332475,"735dfe4c6a4dc15226608fd99d77184e","ok",5,1,0.2,0.25,0.0833333333333333,0.05,0,0.333333333333333,0,0.296786779276198,15.116403171051,"source_label_common_centroid_v1",,,,,,,
"2.0.0-tournament.1","2.0.0","2f79e4b34867edba288239fbc427a437","final-oracle-geometric-01","c8f10951b3beb42380950e17b51d833e","final","oracle","geometric","closed_world",21003,12,12,24,12,0,0,"kema","KEMA / REKEMA","feature_derived_graph","graph-v2-kema-adapter-v1","32fe9a0f9209ca57d37b2e9e389e3006","09f666f814fa37a228c68c019534f007","feature_derived_only",FALSE,0,TRUE,"applicable","ok",,"ok","ok",,,,0,,"graph-v2-kema-fixed-v1","b2036a019c72b12c3c5d8c4d6a38477e","frozen_before_final_execution",0,1,30,0.155,0.195780038833618,81852,273.0625,"external_process_peak_rss",0.116905212402344,0,,"ok",12,1,0.333333333333333,0.333333333333333,0.75,1,0.479265873015873,0.479265873015873,12,TRUE,"native_first_common_embedding",FALSE,0.583333333333333,0.75,0.125,,0.491067075570848,"a03a392c5d8f36f0ea24bcbef7207884","ok",5,1,0.4,0.666666666666667,0.466666666666667,0.416666666666667,1,1,0,0.0262888927032418,21.9594499082329,"source_label_common_centroid_v1",,,,,,,
"2.0.0-tournament.1","2.0.0","2f79e4b34867edba288239fbc427a437","final-oracle-geometric-02","ca0620906096345ead3576d124c4ad3f","final","oracle","geometric","closed_world",21004,12,12,24,12,0,0,"kema","KEMA / REKEMA","feature_derived_graph","graph-v2-kema-adapter-v1","90ef1620d2fd26cd4c5bfccab792d9d3","7204ab337fa6b3e93ce50b662029decf","feature_derived_only",FALSE,0,TRUE,"applicable","ok",,"ok","ok",,,,0,,"graph-v2-kema-fixed-v1","b2036a019c72b12c3c5d8c4d6a38477e","frozen_before_final_execution",0,1,30,0.15,0.23122501373291,81853,245.203125,"external_process_peak_rss",0.116905212402344,0,,"ok",12,1,0.25,0.25,0.5,0.833333333333333,0.399341630591631,0.384821428571429,12,TRUE,"native_first_common_embedding",FALSE,0.5,0.5,0.125,,0.213536777763813,"123cde344d67ee893ebc50c0b0deb97e","ok",5,1,0.2,0.333333333333333,0.111111111111111,0.0666666666666667,0,0.333333333333333,0,0.274360210299489,15.0345654825282,"source_label_common_centroid_v1",,,,,,,
"2.0.0-tournament.1","2.0.0","2f79e4b34867edba288239fbc427a437","final-oracle-scale_free-01","e3b95358b2700ca49bcd04f2440f4d5e","final","oracle","scale_free","closed_world",21005,12,12,24,12,0,0,"kema","KEMA / REKEMA","feature_derived_graph","graph-v2-kema-adapter-v1","2d1eaf7b6cc42e6408ca159510274304","1fd14ab39b47d9d2e5e149e62a2ee4b6","feature_derived_only",FALSE,0,TRUE,"applicable","ok",,"ok","ok",,,,0,,"graph-v2-kema-fixed-v1","b2036a019c72b12c3c5d8c4d6a38477e","frozen_before_final_execution",0,1,30,0.152,0.230883836746216,81854,252.578125,"external_process_peak_rss",0.113670349121094,0,,"ok",12,1,0.25,0.25,0.5,0.833333333333333,0.390545334295334,0.376025132275132,12,TRUE,"native_first_common_embedding",FALSE,0.416666666666667,0.5,0.125,,0.11974372989282,"6030af80ab8e309bb8a7a5387c38a805","ok",5,1,0,0,0,0,0,0,0,0.398521390720744,22.0894364133387,"source_label_common_centroid_v1",,,,,,,
"2.0.0-tournament.1","2.0.0","2f79e4b34867edba288239fbc427a437","final-oracle-scale_free-02","ecec2322d3e9b248ac1235f87530c919","final","oracle","scale_free","closed_world",21006,12,12,24,12,0,0,"kema","KEMA / REKEMA","feature_derived_graph","graph-v2-kema-adapter-v1","9630ca26b2793e215a6b69eeca1728f1","4d8595fa76ffdc047c43d1a2b4ef7d7f","feature_derived_only",FALSE,0,TRUE,"applicable","ok",,"ok","ok",,,,0,,"graph-v2-kema-fixed-v1","b2036a019c72b12c3c5d8c4d6a38477e","frozen_before_final_execution",0,1,30,0.17,0.232074022293091,81855,281.875,"external_process_peak_rss",0.113670349121094,0,,"ok",12,1,0.25,0.25,0.583333333333333,1,0.437136243386243,0.437136243386243,12,TRUE,"native_first_common_embedding",FALSE,0.416666666666667,0.75,0,,0.312423005603627,"4fc49b3762afb2d3748b2d76953c8306","ok",5,1,0.4,0.5,0.35,0.3125,0.5,0.666666666666667,0,0.264933649775788,15.0509135201585,"source_label_common_centroid_v1",,,,,,,
"2.0.0-tournament.1","2.0.0","2f79e4b34867edba288239fbc427a437","final-small-accuracy-sbm-01","615da7f31ad0783df3db4f84a829daa0","final","small_accuracy","sbm","partial_overlap",21007,126,129,255,120,6,9,"kema","KEMA / REKEMA","feature_derived_graph","graph-v2-kema-adapter-v1","e37f97bc719ad542c54495dfd18e6270","124268cd005a1729e084553d4377443a","feature_derived_only",FALSE,0,FALSE,"unsupported","unsupported_partial_overlap","The method does not support domain-private nodes or partial overlap.","unsupported","unsupported_partial_overlap","The method does not support domain-private nodes or partial overlap.",,,0,,"graph-v2-kema-fixed-v1","b2036a019c72b12c3c5d8c4d6a38477e","frozen_before_final_execution",0,0,120,0,0,,0,"not_run",0,0,,"unsupported",120,0,,,,,,,0,FALSE,,,,,,,,,"unsupported",81,0,,,,,,,,,,,,,,,,,
"2.0.0-tournament.1","2.0.0","2f79e4b34867edba288239fbc427a437","final-small-accuracy-sbm-02","2fb84c57c34e8960e03a81af3eca7540","final","small_accuracy","sbm","partial_overlap",21008,126,129,255,120,6,9,"kema","KEMA / REKEMA","feature_derived_graph","graph-v2-kema-adapter-v1","83504c9d662bcb81ad5a8d82aeb37c81","c568b833ae59f7832f7497429fb1cec0","feature_derived_only",FALSE,0,FALSE,"unsupported","unsupported_partial_overlap","The method does not support domain-private nodes or partial overlap.","unsupported","unsupported_partial_overlap","The method does not support domain-private nodes or partial overlap.",,,0,,"graph-v2-kema-fixed-v1","b2036a019c72b12c3c5d8c4d6a38477e","frozen_before_final_execution",0,0,120,0,0,,0,"not_run",0,0,,"unsupported",120,0,,,,,,,0,FALSE,,,,,,,,,"unsupported",81,0,,,,,,,,,,,,,,,,,
"2.0.0-tournament.1","2.0.0","2f79e4b34867edba288239fbc427a437","final-small-accuracy-sbm-03","22944d9506b0785de6282bdbd9c14d66","final","small_accuracy","sbm","partial_overlap",21009,126,129,255,120,6,9,"kema","KEMA / REKEMA","feature_derived_graph","graph-v2-kema-adapter-v1","ef12c4a935c1ee0877eaf22a7815e8fa","ebaaeb4dc1b8bb8c0034f2450fdb3040","feature_derived_only",FALSE,0,FALSE,"unsupported","unsupported_partial_overlap","The method does not support domain-private nodes or partial overlap.","unsupported","unsupported_partial_overlap","The method does not support domain-private nodes or partial overlap.",,,0,,"graph-v2-kema-fixed-v1","b2036a019c72b12c3c5d8c4d6a38477e","frozen_before_final_execution",0,0,120,0,0,,0,"not_run",0,0,,"unsupported",120,0,,,,,,,0,FALSE,,,,,,,,,"unsupported",81,0,,,,,,,,,,,,,,,,,
"2.0.0-tournament.1","2.0.0","2f79e4b34867edba288239fbc427a437","final-small-accuracy-geometric-01","c9b4250640d7168d099f99b02a96bc91","final","small_accuracy","geometric","partial_overlap",21010,126,129,255,120,6,9,"kema","KEMA / REKEMA","feature_derived_graph","graph-v2-kema-adapter-v1","20f82035c915bd4ed521c11142808328","bd0a5f2ca97e7366013c55877f37c98d","feature_derived_only",FALSE,0,FALSE,"unsupported","unsupported_partial_overlap","The method does not support domain-private nodes or partial overlap.","unsupported","unsupported_partial_overlap","The method does not support domain-private nodes or partial overlap.",,,0,,"graph-v2-kema-fixed-v1","b2036a019c72b12c3c5d8c4d6a38477e","frozen_before_final_execution",0,0,120,0,0,,0,"not_run",0,0,,"unsupported",120,0,,,,,,,0,FALSE,,,,,,,,,"unsupported",81,0,,,,,,,,,,,,,,,,,
"2.0.0-tournament.1","2.0.0","2f79e4b34867edba288239fbc427a437","final-small-accuracy-geometric-02","47159367f08922fc65b5f7e8167b47e7","final","small_accuracy","geometric","partial_overlap",21011,126,129,255,120,6,9,"kema","KEMA / REKEMA","feature_derived_graph","graph-v2-kema-adapter-v1","4dcac5eb843e1d397d0a67fcc52a5500","d20c127cb41498fbdd472b3282258769","feature_derived_only",FALSE,0,FALSE,"unsupported","unsupported_partial_overlap","The method does not support domain-private nodes or partial overlap.","unsupported","unsupported_partial_overlap","The method does not support domain-private nodes or partial overlap.",,,0,,"graph-v2-kema-fixed-v1","b2036a019c72b12c3c5d8c4d6a38477e","frozen_before_final_execution",0,0,120,0,0,,0,"not_run",0,0,,"unsupported",120,0,,,,,,,0,FALSE,,,,,,,,,"unsupported",81,0,,,,,,,,,,,,,,,,,
"2.0.0-tournament.1","2.0.0","2f79e4b34867edba288239fbc427a437","final-small-accuracy-geometric-03","a3041c8183ba3d608ea16f43f17748b9","final","small_accuracy","geometric","partial_overlap",21012,126,129,255,120,6,9,"kema","KEMA / REKEMA","feature_derived_graph","graph-v2-kema-adapter-v1","cfa0635b29bbd9c34d521609ac0b576e","e135ea71a6944dc23fb1909e8af6ab3b","feature_derived_only",FALSE,0,FALSE,"unsupported","unsupported_partial_overlap","The method does not support domain-private nodes or partial overlap.","unsupported","unsupported_partial_overlap","The method does not support domain-private nodes or partial overlap.",,,0,,"graph-v2-kema-fixed-v1","b2036a019c72b12c3c5d8c4d6a38477e","frozen_before_final_execution",0,0,120,0,0,,0,"not_run",0,0,,"unsupported",120,0,,,,,,,0,FALSE,,,,,,,,,"unsupported",81,0,,,,,,,,,,,,,,,,,
"2.0.0-tournament.1","2.0.0","2f79e4b34867edba288239fbc427a437","final-small-accuracy-scale_free-01","534bd369608f1d24eada517200d0ad97","final","small_accuracy","scale_free","partial_overlap",21013,126,129,255,120,6,9,"kema","KEMA / REKEMA","feature_derived_graph","graph-v2-kema-adapter-v1","fc95718d06b2965dbfeb9679d5799637","a99ce74ac7df1f6fd2c4e5a6fbffe476","feature_derived_only",FALSE,0,FALSE,"unsupported","unsupported_partial_overlap","The method does not support domain-private nodes or partial overlap.","unsupported","unsupported_partial_overlap","The method does not support domain-private nodes or partial overlap.",,,0,,"graph-v2-kema-fixed-v1","b2036a019c72b12c3c5d8c4d6a38477e","frozen_before_final_execution",0,0,120,0,0,,0,"not_run",0,0,,"unsupported",120,0,,,,,,,0,FALSE,,,,,,,,,"unsupported",81,0,,,,,,,,,,,,,,,,,
"2.0.0-tournament.1","2.0.0","2f79e4b34867edba288239fbc427a437","final-small-accuracy-scale_free-02","cf220b76fe7ef50c255a563d54478aff","final","small_accuracy","scale_free","partial_overlap",21014,126,129,255,120,6,9,"kema","KEMA / REKEMA","feature_derived_graph","graph-v2-kema-adapter-v1","dadf61f840eb5413f1a45cd097a84bd4","4ffab303124da714867ef61988efccfd","feature_derived_only",FALSE,0,FALSE,"unsupported","unsupported_partial_overlap","The method does not support domain-private nodes or partial overlap.","unsupported","unsupported_partial_overlap","The method does not support domain-private nodes or partial overlap.",,,0,,"graph-v2-kema-fixed-v1","b2036a019c72b12c3c5d8c4d6a38477e","frozen_before_final_execution",0,0,120,0,0,,0,"not_run",0,0,,"unsupported",120,0,,,,,,,0,FALSE,,,,,,,,,"unsupported",81,0,,,,,,,,,,,,,,,,,
"2.0.0-tournament.1","2.0.0","2f79e4b34867edba288239fbc427a437","final-small-accuracy-scale_free-03","5d829b731da3d6338f0f9970dd62818c","final","small_accuracy","scale_free","partial_overlap",21015,126,129,255,120,6,9,"kema","KEMA / REKEMA","feature_derived_graph","graph-v2-kema-adapter-v1","580cb443907a5c4225d55a0f11318864","66b4e5d2e60525f08a378def1b2d259b","feature_derived_only",FALSE,0,FALSE,"unsupported","unsupported_partial_overlap","The method does not support domain-private nodes or partial overlap.","unsupported","unsupported_partial_overlap","The method does not support domain-private nodes or partial overlap.",,,0,,"graph-v2-kema-fixed-v1","b2036a019c72b12c3c5d8c4d6a38477e","frozen_before_final_execution",0,0,120,0,0,,0,"not_run",0,0,,"unsupported",120,0,,,,,,,0,FALSE,,,,,,,,,"unsupported",81,0,,,,,,,,,,,,,,,,,
"2.0.0-tournament.1","2.0.0","2f79e4b34867edba288239fbc427a437","final-small-accuracy-sbm-closed-01","86994bcc8f0d14b689eb913be7ed275d","final","small_accuracy","sbm","closed_world",21031,120,120,240,120,0,0,"kema","KEMA / REKEMA","feature_derived_graph","graph-v2-kema-adapter-v1","e242a5f0891aa549e70bfdb50d4e81ee","5ac6eb4460629ef5e5f10686ddd8281b","feature_derived_only",FALSE,0,TRUE,"applicable","ok",,"ok","ok",,,,0,,"graph-v2-kema-fixed-v1","b2036a019c72b12c3c5d8c4d6a38477e","frozen_before_final_execution",0,1,120,0.250999999999999,0.299382925033569,81857,304.1875,"external_process_peak_rss",0.470954895019531,0,,"ok",120,1,0.00833333333333333,0.00833333333333333,0.0416666666666667,0.0833333333333333,0.0413089893307262,0.0244080687830688,120,TRUE,"native_first_common_embedding",FALSE,0.0333333333333333,0,0.00892857142857143,,0,"5835c19538fe132df8c470e3f280588d","ok",72,1,0.222222222222222,0.25,0.19047619047619,0.153846153846154,0.516129032258065,0.222222222222222,,0.214801692066915,1.9029622223272,"source_label_common_centroid_v1",,,,,,,
"2.0.0-tournament.1","2.0.0","2f79e4b34867edba288239fbc427a437","final-small-accuracy-sbm-closed-02","d429725405ae71ed10adc7174fd4ee7b","final","small_accuracy","sbm","closed_world",21032,120,120,240,120,0,0,"kema","KEMA / REKEMA","feature_derived_graph","graph-v2-kema-adapter-v1","2e84bc4d8d0a5c8fd27249c551d0ffc9","828a2d11d9c992f6e179bfef863678ee","feature_derived_only",FALSE,0,TRUE,"applicable","ok",,"ok","ok",,,,0,,"graph-v2-kema-fixed-v1","b2036a019c72b12c3c5d8c4d6a38477e","frozen_before_final_execution",0,1,120,0.246,0.306593894958496,81858,311.765625,"external_process_peak_rss",0.470954895019531,0,,"ok",120,1,0.025,0.025,0.0916666666666667,0.166666666666667,0.0805846292856812,0.0569874338624339,120,TRUE,"native_first_common_embedding",FALSE,0.125,0,0.0267857142857143,,0.0355787253833433,"c0fb6f2ff3849fafa6b67893f0c2acff","ok",72,1,0.180555555555556,0.191176470588235,0.0902777777777778,0.0550847457627119,0.433333333333333,0.180555555555556,,0.303079610064386,7.50352884097929,"source_label_common_centroid_v1",,,,,,,
"2.0.0-tournament.1","2.0.0","2f79e4b34867edba288239fbc427a437","final-small-accuracy-geometric-closed-01","1e8b06ce88bef671d705a296f8647081","final","small_accuracy","geometric","closed_world",21033,120,120,240,120,0,0,"kema","KEMA / REKEMA","feature_derived_graph","graph-v2-kema-adapter-v1","c0a9db04a85d09f6026243add92aaa2a","9c72a1a1e92e60157854def20e323799","feature_derived_only",FALSE,0,TRUE,"applicable","ok",,"ok","ok",,,,0,,"graph-v2-kema-fixed-v1","b2036a019c72b12c3c5d8c4d6a38477e","frozen_before_final_execution",0,1,120,0.217000000000001,0.499283075332642,81859,407.578125,"external_process_peak_rss",0.500434875488281,0,,"ok",120,1,0.00833333333333333,0.00833333333333333,0.0416666666666667,0.0833333333333333,0.0423344367110208,0.0244080687830688,120,TRUE,"native_first_common_embedding",FALSE,0.166666666666667,0,0.00892857142857143,,0.0884385151695684,"5158e8dcac08b1b4d852ab864d3cb5a4","ok",72,1,0.222222222222222,0.25,0.25,0.25,0.363636363636364,0.222222222222222,,0.169572399942816,2.36405098937103,"source_label_common_centroid_v1",,,,,,,
"2.0.0-tournament.1","2.0.0","2f79e4b34867edba288239fbc427a437","final-small-accuracy-geometric-closed-02","5db68d0ebc6cdcd192b3629a33712f4b","final","small_accuracy","geometric","closed_world",21034,120,120,240,120,0,0,"kema","KEMA / REKEMA","feature_derived_graph","graph-v2-kema-adapter-v1","35e708e49e196e60d8db0b60a8c760fc","905b396f2533cebb209f404424158381","feature_derived_only",FALSE,0,TRUE,"applicable","ok",,"ok","ok",,,,0,,"graph-v2-kema-fixed-v1","b2036a019c72b12c3c5d8c4d6a38477e","frozen_before_final_execution",0,1,120,0.328,0.395762920379639,81860,306.0625,"external_process_peak_rss",0.500434875488281,0,,"ok",120,1,0,0,0,0,0.0143190452112876,0,120,TRUE,"native_first_common_embedding",FALSE,0.075,0,0,,0.00168308191655024,"c50efd6274e66c36afd2c093f6f93d66","ok",72,1,0,0,0,0,0,0,,0.398129718807793,2.04406925323954,"source_label_common_centroid_v1",,,,,,,
"2.0.0-tournament.1","2.0.0","2f79e4b34867edba288239fbc427a437","final-small-accuracy-scale_free-closed-01","c419a5ae7a13b5136c725364763717d8","final","small_accuracy","scale_free","closed_world",21035,120,120,240,120,0,0,"kema","KEMA / REKEMA","feature_derived_graph","graph-v2-kema-adapter-v1","45cd62b7634c0e503b2339d6cc49438d","26b65f98c224db98cd3c10c1778d2f11","feature_derived_only",FALSE,0,TRUE,"applicable","ok",,"ok","ok",,,,0,,"graph-v2-kema-fixed-v1","b2036a019c72b12c3c5d8c4d6a38477e","frozen_before_final_execution",0,1,120,0.215,0.284045219421387,81861,304.515625,"external_process_peak_rss",0.470954895019531,0,,"ok",120,1,0.00833333333333333,0.00833333333333333,0.0416666666666667,0.0833333333333333,0.039653797319893,0.0246064814814815,120,TRUE,"native_first_common_embedding",FALSE,0.0166666666666667,0.125,0,,0,"540518e8779e35409b1205e745568701","ok",72,1,0.208333333333333,0.25,0.0862068965517241,0.0520833333333333,0,0.208333333333333,,0.474321746237843,2.49129049932973,"source_label_common_centroid_v1",,,,,,,
"2.0.0-tournament.1","2.0.0","2f79e4b34867edba288239fbc427a437","final-small-accuracy-scale_free-closed-02","b525a5d1130d9bdafb31a6b557a58230","final","small_accuracy","scale_free","closed_world",21036,120,120,240,120,0,0,"kema","KEMA / REKEMA","feature_derived_graph","graph-v2-kema-adapter-v1","6b252448f83331a5f6e492f5cce4d49e","91f66accfb8407e1e1e5b77fd17a8ae3","feature_derived_only",FALSE,0,TRUE,"applicable","ok",,"ok","ok",,,,0,,"graph-v2-kema-fixed-v1","b2036a019c72b12c3c5d8c4d6a38477e","frozen_before_final_execution",0,1,120,0.231999999999999,0.287728071212769,81862,319.78125,"external_process_peak_rss",0.470954895019531,0,,"ok",120,1,0.025,0.025,0.0916666666666667,0.141666666666667,0.0758490053903405,0.0529596560846561,120,TRUE,"native_first_common_embedding",FALSE,0.0666666666666667,0.25,0.00892857142857143,,0,"012b31ea8988ea090bcc9799bb18eeaf","ok",72,1,0.236111111111111,0.25,0.0955056179775281,0.0590277777777778,0.607142857142857,0.236111111111111,,0.124954480534794,1.76071936469709,"source_label_common_centroid_v1",,,,,,,
"2.0.0-tournament.1","2.0.0","2f79e4b34867edba288239fbc427a437","final-medium-robustness-sbm-01","1bc3b136be794e87d6e51b253c0bce33","final","medium_robustness","sbm","partial_overlap",21016,880,920,1800,800,80,120,"kema","KEMA / REKEMA","feature_derived_graph","graph-v2-kema-adapter-v1","05190a6de1dfac8c66eb10e956445ee4","062ed31eae53e7cc2590c2da9fc2c35c","feature_derived_only",FALSE,0,FALSE,"unsupported","unsupported_partial_overlap","The method does not support domain-private nodes or partial overlap.","unsupported","unsupported_partial_overlap","The method does not support domain-private nodes or partial overlap.",,,0,,"graph-v2-kema-fixed-v1","b2036a019c72b12c3c5d8c4d6a38477e","frozen_before_final_execution",0,0,600,0,0,,0,"not_run",0,0,,"unsupported",800,0,,,,,,,0,FALSE,,,,,,,,,"unsupported",600,0,,,,,,,,,,,,,,,,,
"2.0.0-tournament.1","2.0.0","2f79e4b34867edba288239fbc427a437","final-medium-robustness-sbm-02","b943f4d8feb071dfff730609729975cd","final","medium_robustness","sbm","partial_overlap",21017,880,920,1800,800,80,120,"kema","KEMA / REKEMA","feature_derived_graph","graph-v2-kema-adapter-v1","f70c4f19482c54cfbe648df1b957d720","5c69668e51441efcc9b773819dbdb682","feature_derived_only",FALSE,0,FALSE,"unsupported","unsupported_partial_overlap","The method does not support domain-private nodes or partial overlap.","unsupported","unsupported_partial_overlap","The method does not support domain-private nodes or partial overlap.",,,0,,"graph-v2-kema-fixed-v1","b2036a019c72b12c3c5d8c4d6a38477e","frozen_before_final_execution",0,0,600,0,0,,0,"not_run",0,0,,"unsupported",800,0,,,,,,,0,FALSE,,,,,,,,,"unsupported",600,0,,,,,,,,,,,,,,,,,
"2.0.0-tournament.1","2.0.0","2f79e4b34867edba288239fbc427a437","final-medium-robustness-sbm-03","94cedd70f655fb458bf09786d43bdfad","final","medium_robustness","sbm","partial_overlap",21018,880,920,1800,800,80,120,"kema","KEMA / REKEMA","feature_derived_graph","graph-v2-kema-adapter-v1","35caa4db716c470a07d24d72fd99f469","e0694aa23b8868143f64a02f19ca101d","feature_derived_only",FALSE,0,FALSE,"unsupported","unsupported_partial_overlap","The method does not support domain-private nodes or partial overlap.","unsupported","unsupported_partial_overlap","The method does not support domain-private nodes or partial overlap.",,,0,,"graph-v2-kema-fixed-v1","b2036a019c72b12c3c5d8c4d6a38477e","frozen_before_final_execution",0,0,600,0,0,,0,"not_run",0,0,,"unsupported",800,0,,,,,,,0,FALSE,,,,,,,,,"unsupported",600,0,,,,,,,,,,,,,,,,,
"2.0.0-tournament.1","2.0.0","2f79e4b34867edba288239fbc427a437","final-medium-robustness-geometric-01","d721b0a1b197708dca35084058ae0be1","final","medium_robustness","geometric","partial_overlap",21019,880,920,1800,800,80,120,"kema","KEMA / REKEMA","feature_derived_graph","graph-v2-kema-adapter-v1","7124b7e957be875f1700d025d8b9053d","080c79b57b813e7981893e16a5141352","feature_derived_only",FALSE,0,FALSE,"unsupported","unsupported_partial_overlap","The method does not support domain-private nodes or partial overlap.","unsupported","unsupported_partial_overlap","The method does not support domain-private nodes or partial overlap.",,,0,,"graph-v2-kema-fixed-v1","b2036a019c72b12c3c5d8c4d6a38477e","frozen_before_final_execution",0,0,600,0,0,,0,"not_run",0,0,,"unsupported",800,0,,,,,,,0,FALSE,,,,,,,,,"unsupported",600,0,,,,,,,,,,,,,,,,,
"2.0.0-tournament.1","2.0.0","2f79e4b34867edba288239fbc427a437","final-medium-robustness-geometric-02","8030b27451ac41b2944d9371ef65bb09","final","medium_robustness","geometric","partial_overlap",21020,880,920,1800,800,80,120,"kema","KEMA / REKEMA","feature_derived_graph","graph-v2-kema-adapter-v1","4c3ffa3bf4e6b5ff1600a7dba19b706f","41f6c31f64a1f1c9ea67b12b7df27be4","feature_derived_only",FALSE,0,FALSE,"unsupported","unsupported_partial_overlap","The method does not support domain-private nodes or partial overlap.","unsupported","unsupported_partial_overlap","The method does not support domain-private nodes or partial overlap.",,,0,,"graph-v2-kema-fixed-v1","b2036a019c72b12c3c5d8c4d6a38477e","frozen_before_final_execution",0,0,600,0,0,,0,"not_run",0,0,,"unsupported",800,0,,,,,,,0,FALSE,,,,,,,,,"unsupported",600,0,,,,,,,,,,,,,,,,,
"2.0.0-tournament.1","2.0.0","2f79e4b34867edba288239fbc427a437","final-medium-robustness-geometric-03","80b3144abf3a4ed2fad0a94eaf83c50a","final","medium_robustness","geometric","partial_overlap",21021,880,920,1800,800,80,120,"kema","KEMA / REKEMA","feature_derived_graph","graph-v2-kema-adapter-v1","56ca5918a20bb8d6eec269e821aa588a","200e014b2d915a352af6053ee49d0b93","feature_derived_only",FALSE,0,FALSE,"unsupported","unsupported_partial_overlap","The method does not support domain-private nodes or partial overlap.","unsupported","unsupported_partial_overlap","The method does not support domain-private nodes or partial overlap.",,,0,,"graph-v2-kema-fixed-v1","b2036a019c72b12c3c5d8c4d6a38477e","frozen_before_final_execution",0,0,600,0,0,,0,"not_run",0,0,,"unsupported",800,0,,,,,,,0,FALSE,,,,,,,,,"unsupported",600,0,,,,,,,,,,,,,,,,,
"2.0.0-tournament.1","2.0.0","2f79e4b34867edba288239fbc427a437","final-medium-robustness-scale_free-01","85128e4c54984eeab9ced25326f0d4da","final","medium_robustness","scale_free","partial_overlap",21022,880,920,1800,800,80,120,"kema","KEMA / REKEMA","feature_derived_graph","graph-v2-kema-adapter-v1","367440cf655b260f1c9a93040fc2e89d","01c16a6dfea7681b8d6204f79cef629c","feature_derived_only",FALSE,0,FALSE,"unsupported","unsupported_partial_overlap","The method does not support domain-private nodes or partial overlap.","unsupported","unsupported_partial_overlap","The method does not support domain-private nodes or partial overlap.",,,0,,"graph-v2-kema-fixed-v1","b2036a019c72b12c3c5d8c4d6a38477e","frozen_before_final_execution",0,0,600,0,0,,0,"not_run",0,0,,"unsupported",800,0,,,,,,,0,FALSE,,,,,,,,,"unsupported",600,0,,,,,,,,,,,,,,,,,
"2.0.0-tournament.1","2.0.0","2f79e4b34867edba288239fbc427a437","final-medium-robustness-scale_free-02","ed39c6b7032aee4737db62e4323d2a59","final","medium_robustness","scale_free","partial_overlap",21023,880,920,1800,800,80,120,"kema","KEMA / REKEMA","feature_derived_graph","graph-v2-kema-adapter-v1","b691a2bb76d2319e5678aa54e9f94efa","227d99f091ef98e84ccad43b1e27c79d","feature_derived_only",FALSE,0,FALSE,"unsupported","unsupported_partial_overlap","The method does not support domain-private nodes or partial overlap.","unsupported","unsupported_partial_overlap","The method does not support domain-private nodes or partial overlap.",,,0,,"graph-v2-kema-fixed-v1","b2036a019c72b12c3c5d8c4d6a38477e","frozen_before_final_execution",0,0,600,0,0,,0,"not_run",0,0,,"unsupported",800,0,,,,,,,0,FALSE,,,,,,,,,"unsupported",600,0,,,,,,,,,,,,,,,,,
"2.0.0-tournament.1","2.0.0","2f79e4b34867edba288239fbc427a437","final-medium-robustness-scale_free-03","9e62ffe5f05a3a3567c3284837de884e","final","medium_robustness","scale_free","partial_overlap",21024,880,920,1800,800,80,120,"kema","KEMA / REKEMA","feature_derived_graph","graph-v2-kema-adapter-v1","b069742c329e1660e2e03b1e7eeb482b","c86d57542be6d74c0ab7bdbea1c3ecbd","feature_derived_only",FALSE,0,FALSE,"unsupported","unsupported_partial_overlap","The method does not support domain-private nodes or partial overlap.","unsupported","unsupported_partial_overlap","The method does not support domain-private nodes or partial overlap.",,,0,,"graph-v2-kema-fixed-v1","b2036a019c72b12c3c5d8c4d6a38477e","frozen_before_final_execution",0,0,600,0,0,,0,"not_run",0,0,,"unsupported",800,0,,,,,,,0,FALSE,,,,,,,,,"unsupported",600,0,,,,,,,,,,,,,,,,,
"2.0.0-tournament.1","2.0.0","2f79e4b34867edba288239fbc427a437","final-medium-robustness-sbm-closed-01","fe7140ca34e0af0f228135b0c88cba9e","final","medium_robustness","sbm","closed_world",21037,800,800,1600,800,0,0,"kema","KEMA / REKEMA","feature_derived_graph","graph-v2-kema-adapter-v1","4f177d7ab50ee1132250fd73a958d6be","74b94182ab5ac57a2b29ade8409af299","feature_derived_only",FALSE,0,FALSE,"unsupported","unsupported_resource_envelope","The frozen kema-dense-300-v1 resource envelope does not admit 1600 total nodes.","unsupported","unsupported_resource_envelope","The frozen kema-dense-300-v1 resource envelope does not admit 1600 total nodes.",,,0,,"graph-v2-kema-fixed-v1","b2036a019c72b12c3c5d8c4d6a38477e","frozen_before_final_execution",0,0,600,0,0,,0,"not_run",0,0,,"unsupported",800,0,,,,,,,0,FALSE,,,,,,,,,"unsupported",480,0,,,,,,,,,,,,,,,,,
"2.0.0-tournament.1","2.0.0","2f79e4b34867edba288239fbc427a437","final-medium-robustness-sbm-closed-02","3a11123c031bfb3e354dd11552bf8c0e","final","medium_robustness","sbm","closed_world",21038,800,800,1600,800,0,0,"kema","KEMA / REKEMA","feature_derived_graph","graph-v2-kema-adapter-v1","bffe3c35f72a268bc7d9184af5aa5af4","973c5c74c2771b957f764cafa592acd8","feature_derived_only",FALSE,0,FALSE,"unsupported","unsupported_resource_envelope","The frozen kema-dense-300-v1 resource envelope does not admit 1600 total nodes.","unsupported","unsupported_resource_envelope","The frozen kema-dense-300-v1 resource envelope does not admit 1600 total nodes.",,,0,,"graph-v2-kema-fixed-v1","b2036a019c72b12c3c5d8c4d6a38477e","frozen_before_final_execution",0,0,600,0,0,,0,"not_run",0,0,,"unsupported",800,0,,,,,,,0,FALSE,,,,,,,,,"unsupported",480,0,,,,,,,,,,,,,,,,,
"2.0.0-tournament.1","2.0.0","2f79e4b34867edba288239fbc427a437","final-medium-robustness-geometric-closed-01","8ff0c1c639c36bef0df7dbd6c95fbc84","final","medium_robustness","geometric","closed_world",21039,800,800,1600,800,0,0,"kema","KEMA / REKEMA","feature_derived_graph","graph-v2-kema-adapter-v1","c349f114e0b58a2ecc66177415e7d0b1","9ee3ba8894ad5f749928ec43153957dd","feature_derived_only",FALSE,0,FALSE,"unsupported","unsupported_resource_envelope","The frozen kema-dense-300-v1 resource envelope does not admit 1600 total nodes.","unsupported","unsupported_resource_envelope","The frozen kema-dense-300-v1 resource envelope does not admit 1600 total nodes.",,,0,,"graph-v2-kema-fixed-v1","b2036a019c72b12c3c5d8c4d6a38477e","frozen_before_final_execution",0,0,600,0,0,,0,"not_run",0,0,,"unsupported",800,0,,,,,,,0,FALSE,,,,,,,,,"unsupported",480,0,,,,,,,,,,,,,,,,,
"2.0.0-tournament.1","2.0.0","2f79e4b34867edba288239fbc427a437","final-medium-robustness-geometric-closed-02","345feba6461d52ed6a7de7396cd73ac0","final","medium_robustness","geometric","closed_world",21040,800,800,1600,800,0,0,"kema","KEMA / REKEMA","feature_derived_graph","graph-v2-kema-adapter-v1","09344e2e1d8728a1caa7094d2fba1ebc","be9944b401f4341ce72a2385fe9a44a1","feature_derived_only",FALSE,0,FALSE,"unsupported","unsupported_resource_envelope","The frozen kema-dense-300-v1 resource envelope does not admit 1600 total nodes.","unsupported","unsupported_resource_envelope","The frozen kema-dense-300-v1 resource envelope does not admit 1600 total nodes.",,,0,,"graph-v2-kema-fixed-v1","b2036a019c72b12c3c5d8c4d6a38477e","frozen_before_final_execution",0,0,600,0,0,,0,"not_run",0,0,,"unsupported",800,0,,,,,,,0,FALSE,,,,,,,,,"unsupported",480,0,,,,,,,,,,,,,,,,,
"2.0.0-tournament.1","2.0.0","2f79e4b34867edba288239fbc427a437","final-medium-robustness-scale_free-closed-01","4b06c508b5e7623445f1dc1e2cc9b977","final","medium_robustness","scale_free","closed_world",21041,800,800,1600,800,0,0,"kema","KEMA / REKEMA","feature_derived_graph","graph-v2-kema-adapter-v1","e778fe54a2ddabaafdea698d13b8d865","7c8f6d190e51a28215c13dd286b4ea4c","feature_derived_only",FALSE,0,FALSE,"unsupported","unsupported_resource_envelope","The frozen kema-dense-300-v1 resource envelope does not admit 1600 total nodes.","unsupported","unsupported_resource_envelope","The frozen kema-dense-300-v1 resource envelope does not admit 1600 total nodes.",,,0,,"graph-v2-kema-fixed-v1","b2036a019c72b12c3c5d8c4d6a38477e","frozen_before_final_execution",0,0,600,0,0,,0,"not_run",0,0,,"unsupported",800,0,,,,,,,0,FALSE,,,,,,,,,"unsupported",480,0,,,,,,,,,,,,,,,,,
"2.0.0-tournament.1","2.0.0","2f79e4b34867edba288239fbc427a437","final-medium-robustness-scale_free-closed-02","5a66dd4120ca8ae10ed10248bbeeaabd","final","medium_robustness","scale_free","closed_world",21042,800,800,1600,800,0,0,"kema","KEMA / REKEMA","feature_derived_graph","graph-v2-kema-adapter-v1","9a3d0c24f167bb11c5dcc53c50a34657","955036d3158e84e9c2ee380fc58ca73c","feature_derived_only",FALSE,0,FALSE,"unsupported","unsupported_resource_envelope","The frozen kema-dense-300-v1 resource envelope does not admit 1600 total nodes.","unsupported","unsupported_resource_envelope","The frozen kema-dense-300-v1 resource envelope does not admit 1600 total nodes.",,,0,,"graph-v2-kema-fixed-v1","b2036a019c72b12c3c5d8c4d6a38477e","frozen_before_final_execution",0,0,600,0,0,,0,"not_run",0,0,,"unsupported",800,0,,,,,,,0,FALSE,,,,,,,,,"unsupported",480,0,,,,,,,,,,,,,,,,,
"2.0.0-tournament.1","2.0.0","2f79e4b34867edba288239fbc427a437","final-large-scaling-sbm-01","3b0101b3eb4c67509b2682ccf107e61f","final","large_scaling","sbm","partial_overlap",21025,5500,5800,11300,5000,500,800,"kema","KEMA / REKEMA","feature_derived_graph","graph-v2-kema-adapter-v1","a89c5cae119841fac37dcd94754ad0e5","01bcb965f650cf400077e55a6df634e7","feature_derived_only",FALSE,0,FALSE,"unsupported","unsupported_partial_overlap","The method does not support domain-private nodes or partial overlap.","unsupported","unsupported_partial_overlap","The method does not support domain-private nodes or partial overlap.",,,0,,"graph-v2-kema-fixed-v1","b2036a019c72b12c3c5d8c4d6a38477e","frozen_before_final_execution",0,0,1800,0,0,,0,"not_run",0,0,,"unsupported",5000,0,,,,,,,0,FALSE,,,,,,,,,"unsupported",3800,0,,,,,,,,,,,,,,,,,
"2.0.0-tournament.1","2.0.0","2f79e4b34867edba288239fbc427a437","final-large-scaling-sbm-02","0a398094bc541d2b7a888da8a1748324","final","large_scaling","sbm","partial_overlap",21026,11000,11600,22600,10000,1000,1600,"kema","KEMA / REKEMA","feature_derived_graph","graph-v2-kema-adapter-v1","d847b959069a4148c0866e4b9511b37d","ecb672a33cf7cef8029fec04b1704fe5","feature_derived_only",FALSE,0,FALSE,"unsupported","unsupported_partial_overlap","The method does not support domain-private nodes or partial overlap.","unsupported","unsupported_partial_overlap","The method does not support domain-private nodes or partial overlap.",,,0,,"graph-v2-kema-fixed-v1","b2036a019c72b12c3c5d8c4d6a38477e","frozen_before_final_execution",0,0,1800,0,0,,0,"not_run",0,0,,"unsupported",10000,0,,,,,,,0,FALSE,,,,,,,,,"unsupported",7600,0,,,,,,,,,,,,,,,,,
"2.0.0-tournament.1","2.0.0","2f79e4b34867edba288239fbc427a437","final-large-scaling-geometric-01","fdb3a18c759f6b3e781e4fd50a7c04c8","final","large_scaling","geometric","partial_overlap",21027,5500,5800,11300,5000,500,800,"kema","KEMA / REKEMA","feature_derived_graph","graph-v2-kema-adapter-v1","7e3dad8cab0c0a845ac190fb510f32a1","d6b18c3f0a69ac008e52fbae2784ab74","feature_derived_only",FALSE,0,FALSE,"unsupported","unsupported_partial_overlap","The method does not support domain-private nodes or partial overlap.","unsupported","unsupported_partial_overlap","The method does not support domain-private nodes or partial overlap.",,,0,,"graph-v2-kema-fixed-v1","b2036a019c72b12c3c5d8c4d6a38477e","frozen_before_final_execution",0,0,1800,0,0,,0,"not_run",0,0,,"unsupported",5000,0,,,,,,,0,FALSE,,,,,,,,,"unsupported",3800,0,,,,,,,,,,,,,,,,,
"2.0.0-tournament.1","2.0.0","2f79e4b34867edba288239fbc427a437","final-large-scaling-geometric-02","1b90c450bc5315cd2e3d51ea5d4944d3","final","large_scaling","geometric","partial_overlap",21028,11000,11600,22600,10000,1000,1600,"kema","KEMA / REKEMA","feature_derived_graph","graph-v2-kema-adapter-v1","c4bc4a2305c4b8f6366a25b2100ce4a7","acb05f2e9772c4ebfdb11120b569bd83","feature_derived_only",FALSE,0,FALSE,"unsupported","unsupported_partial_overlap","The method does not support domain-private nodes or partial overlap.","unsupported","unsupported_partial_overlap","The method does not support domain-private nodes or partial overlap.",,,0,,"graph-v2-kema-fixed-v1","b2036a019c72b12c3c5d8c4d6a38477e","frozen_before_final_execution",0,0,1800,0,0,,0,"not_run",0,0,,"unsupported",10000,0,,,,,,,0,FALSE,,,,,,,,,"unsupported",7600,0,,,,,,,,,,,,,,,,,
"2.0.0-tournament.1","2.0.0","2f79e4b34867edba288239fbc427a437","final-large-scaling-scale_free-01","a5e3ff96729bf2583bab048553f070c0","final","large_scaling","scale_free","partial_overlap",21029,5500,5800,11300,5000,500,800,"kema","KEMA / REKEMA","feature_derived_graph","graph-v2-kema-adapter-v1","ff2f081343fd790a487aa6c9ee68f48c","404d0186c2d160f52e4e266e55762442","feature_derived_only",FALSE,0,FALSE,"unsupported","unsupported_partial_overlap","The method does not support domain-private nodes or partial overlap.","unsupported","unsupported_partial_overlap","The method does not support domain-private nodes or partial overlap.",,,0,,"graph-v2-kema-fixed-v1","b2036a019c72b12c3c5d8c4d6a38477e","frozen_before_final_execution",0,0,1800,0,0,,0,"not_run",0,0,,"unsupported",5000,0,,,,,,,0,FALSE,,,,,,,,,"unsupported",3800,0,,,,,,,,,,,,,,,,,
"2.0.0-tournament.1","2.0.0","2f79e4b34867edba288239fbc427a437","final-large-scaling-scale_free-02","edf0cd39a0a7a2b466ce94b8cd6a07c0","final","large_scaling","scale_free","partial_overlap",21030,11000,11600,22600,10000,1000,1600,"kema","KEMA / REKEMA","feature_derived_graph","graph-v2-kema-adapter-v1","f25d496b8e4a1517b2d6344bab3d59e6","9ba2461afb19d5d3529609fb82906300","feature_derived_only",FALSE,0,FALSE,"unsupported","unsupported_partial_overlap","The method does not support domain-private nodes or partial overlap.","unsupported","unsupported_partial_overlap","The method does not support domain-private nodes or partial overlap.",,,0,,"graph-v2-kema-fixed-v1","b2036a019c72b12c3c5d8c4d6a38477e","frozen_before_final_execution",0,0,1800,0,0,,0,"not_run",0,0,,"unsupported",10000,0,,,,,,,0,FALSE,,,,,,,,,"unsupported",7600,0,,,,,,,,,,,,,,,,,
