"method","status","oos","n_fit","n_source","n_calibration","n_test","n_classes_train","n_classes_test","unseen_fraction","oa","macro_f1","miou","rare_recall","ece","ece_uncalibrated","seen_oa","seen_macro_f1","seen_miou","temperature","calibration_n","calibration_nll_before","calibration_nll_after","test_labels_read_during_fit","uses_source_alignment","uses_oos_structure","error","runtime_sec","retained_mb","sampled_peak_rss_mb","fold","test_block","calibration_block","seed","labels_per_class","calibration_per_class","max_fit_rows"
"target_centroid","ok","direct scaled target features",750,76,28,16151,19,4,0,0.460838338183394,0.461774116169075,0.334294217484968,0,0.142239048140414,0.278506792270528,0.460838338183394,0.461774116169075,0.334294217484968,6.13169364537703,28,3.36208832923823,1.27541281068286,FALSE,FALSE,FALSE,NA,0.295,0,443.671875,1,7,9,5107,4,4,750
"target_structured","ok","target-only bounded feature/position/attribute smoothing (0.50/0.25/0.25)",750,76,28,16151,19,4,0,0.525911708253359,0.46487231793897,0.349164740700248,0,0.288803709625926,0.0819305883434629,0.525911708253359,0.46487231793897,0.349164740700248,4.17536956082188,28,2.56002161059796,1.61651737404059,FALSE,FALSE,TRUE,NA,1.387,0.00914764404296875,580.015625,1,7,9,5107,4,4,750
"rapid_ma_semisup","ok","bounded target-feature interpolation of relation-teacher state",750,76,28,16151,20,4,0,0.714073431985636,0.638186444172411,0.56349459825193,0,0.313166801834535,0.501452269074319,0.714073431985636,0.638186444172411,0.56349459825193,0.534659115087539,28,1.2987051253277,1.07785990266894,FALSE,TRUE,FALSE,NA,1.485,2.54663848876953,651.34375,1,7,9,5107,4,4,750
"rapid_ma_structured","ok","bounded feature/position/attribute interpolation of relation-teacher state (0.50/0.25/0.25)",750,76,28,16151,20,4,0,0.648318989536252,0.595758869406651,0.509609412029535,0,0.284206395162777,0.483756620538241,0.648318989536252,0.595758869406651,0.509609412029535,0.471311598999469,28,1.47079603027772,1.14409616720463,FALSE,TRUE,TRUE,NA,2.223,2.54663848876953,716.65625,1,7,9,5107,4,4,750
"lema","ok","direct learned low-modality linear projection",750,76,28,16151,19,4,0,0.320289765339607,0.265173944294565,0.170113540790535,0.710691823899371,0.160132815931002,0.259824222136447,0.320289765339607,0.265173944294565,0.170113540790535,0.0500734960931034,28,2.60329489333323,0.696139669760838,FALSE,TRUE,FALSE,NA,2.244,10.6338500976562,912.40625,1,7,9,5107,4,4,750
"ssma","ok","bounded target-feature interpolation of training embedding",750,76,28,16151,19,4,0,0.0114543991084143,0.249326145552561,0.248655913978495,0,0.0960419151514609,0.115373968715783,0.0114543991084143,0.249326145552561,0.248655913978495,1.22534210784426,28,2.37372046782583,2.36739927263495,FALSE,TRUE,FALSE,NA,0.824999999999999,0.164329528808594,524.90625,1,7,9,5107,4,4,750
"kema","failed",NA,NA,NA,NA,NA,NA,NA,NA,NA,NA,NA,NA,NA,NA,NA,NA,NA,NA,NA,NA,NA,FALSE,TRUE,FALSE,"method exceeded isolated 30 second timeout",30.016,NA,503.5625,1,7,9,5107,4,4,750
"target_centroid","ok","direct scaled target features",750,76,12,4721,19,7,0,0.49989409023512,0.619737170170612,0.516140202875411,0.457142857142857,0.31849506973412,0.428607451474391,0.49989409023512,0.619737170170612,0.516140202875411,11.7122215387642,12,9.38050395369892,2.27870012786072,FALSE,FALSE,FALSE,NA,0.0910000000000011,0,226.5625,2,9,10,5109,4,4,750
"target_structured","ok","target-only bounded feature/position/attribute smoothing (0.50/0.25/0.25)",750,76,12,4721,19,7,0,0.38826519805126,0.466759349653002,0.339011441401686,0.571428571428571,0.260787131605496,0.239897337534802,0.38826519805126,0.466759349653002,0.339011441401686,10.7227703935078,12,6.75141632758244,2.47806991243813,FALSE,FALSE,TRUE,NA,0.391999999999996,0.00914764404296875,365.765625,2,9,10,5109,4,4,750
"rapid_ma_semisup","ok","bounded target-feature interpolation of relation-teacher state",750,76,12,4721,20,7,0,0.703240838805338,0.694342492528463,0.596884632514074,0.571428571428571,0.223125940118605,0.325083893099998,0.703240838805338,0.694342492528463,0.596884632514074,0.707436684498666,12,2.0131879594006,1.93061225030176,FALSE,TRUE,FALSE,NA,1.092,2.52201843261719,636.78125,2,9,10,5109,4,4,750
"rapid_ma_structured","ok","bounded feature/position/attribute interpolation of relation-teacher state (0.50/0.25/0.25)",750,76,12,4721,20,7,0,0.560050836687143,0.609105959706922,0.508150322562827,0.571428571428571,0.18504971170671,0.282824094959942,0.560050836687143,0.609105959706922,0.508150322562827,0.730829230713751,12,2.28507559118346,2.23454554441811,FALSE,TRUE,TRUE,NA,1.259,2.52201843261719,649.640625,2,9,10,5109,4,4,750
"lema","ok","direct learned low-modality linear projection",750,76,12,4721,19,7,0,0.82906163948316,0.788148728381678,0.736854138183286,1,0.292953907052156,0.754995894158706,0.82906163948316,0.788148728381678,0.736854138183286,0.0500734960931034,12,2.60959911004464,0.694857542674985,FALSE,TRUE,FALSE,NA,1.938,10.6338500976562,911.265625,2,9,10,5109,4,4,750
"ssma","ok","bounded target-feature interpolation of training embedding",750,76,12,4721,19,7,0,0.289769116712561,0.382671265714111,0.326098211269884,0.571428571428571,0.218492200670005,0.0655599882804536,0.289769116712561,0.382671265714111,0.326098211269884,9.10323802464134,12,3.27640298929441,2.93399995394721,FALSE,TRUE,FALSE,NA,0.393999999999998,0.164329528808594,414.96875,2,9,10,5109,4,4,750
"kema","failed",NA,NA,NA,NA,NA,NA,NA,NA,NA,NA,NA,NA,NA,NA,NA,NA,NA,NA,NA,NA,NA,FALSE,TRUE,FALSE,"method exceeded isolated 30 second timeout",30.022,NA,471.1875,2,9,10,5109,4,4,750
"target_centroid","ok","direct scaled target features",750,64,36,4573,16,3,0,0.853706538377433,0.732107444009365,0.652818574261679,0.19047619047619,0.602737033742726,0.134376690894776,0.853706538377433,0.732107444009365,0.652818574261679,11.4368551799279,24,10.2835918928813,2.09029031249517,FALSE,FALSE,FALSE,NA,0.0539999999999878,0,79.078125,3,10,11,5110,4,4,750
"target_structured","ok","target-only bounded feature/position/attribute smoothing (0.50/0.25/0.25)",750,64,36,4573,16,3,0,0.846708943800569,0.620169953996874,0.579904253010255,0,0.729797824392202,0.293648673059653,0.846708943800569,0.620169953996874,0.579904253010255,19.9999297517338,24,8.24740650808734,2.71872772450052,FALSE,FALSE,TRUE,NA,0.39800000000001,0.00850677490234375,363.453125,3,10,11,5110,4,4,750
"rapid_ma_semisup","ok","bounded target-feature interpolation of relation-teacher state",750,64,36,4573,17,3,0,0.515635250382681,0.738608300758902,0.598962580417011,0.476190476190476,0.313552294808295,0.327670916561435,0.515635250382681,0.738608300758902,0.598962580417011,0.920123170598786,24,2.29979314389625,2.29691291647804,FALSE,TRUE,FALSE,NA,1.014,2.40740203857422,651.734375,3,10,11,5110,4,4,750
"rapid_ma_structured","ok","bounded feature/position/attribute interpolation of relation-teacher state (0.50/0.25/0.25)",750,64,36,4573,17,3,0,0.356002624097966,0.377026953146356,0.263372253769753,0.428571428571429,0.13772613992715,0.193915412395836,0.356002624097966,0.377026953146356,0.263372253769753,0.692398425448268,24,2.29506410077423,2.24840086472034,FALSE,TRUE,TRUE,NA,1.182,2.40740203857422,618.5625,3,10,11,5110,4,4,750
"lema","ok","direct learned low-modality linear projection",750,64,36,4573,16,3,0,0.851301115241636,0.910119214975222,0.844427571832663,1,0.527830086022097,0.768354967904925,0.851301115241636,0.910119214975222,0.844427571832663,0.145335928976454,24,2.63462952353075,2.24684243143489,FALSE,TRUE,FALSE,NA,1.767,10.3113784790039,1054.328125,3,10,11,5110,4,4,750
"ssma","ok","bounded target-feature interpolation of training embedding",750,64,36,4573,16,3,0,0.109118740432976,0.398239105682352,0.337630803400711,0.0476190476190476,0.0324367407877586,0.0169990592945114,0.109118740432976,0.398239105682352,0.337630803400711,4.44673551994029,24,2.90965431202467,2.75031176499283,FALSE,TRUE,FALSE,NA,0.388999999999996,0.163230895996094,408.34375,3,10,11,5110,4,4,750
"kema","failed",NA,NA,NA,NA,NA,NA,NA,NA,NA,NA,NA,NA,NA,NA,NA,NA,NA,NA,NA,NA,NA,FALSE,TRUE,FALSE,"method exceeded isolated 30 second timeout",30.009,NA,484.671875,3,10,11,5110,4,4,750
"target_centroid","ok","direct scaled target features",750,64,8,7478,16,9,0.196710350361059,0.340599090665953,0.183164283194639,0.143154664788661,0,0.427738793967674,0.518957501926116,0.424005327118362,0.320066567039115,0.254209725278354,2.2167204881996,8,0.475220549345552,0.377595460258753,FALSE,FALSE,FALSE,NA,0.0820000000000078,0,137.421875,4,11,12,5111,4,4,750
"target_structured","ok","target-only bounded feature/position/attribute smoothing (0.50/0.25/0.25)",750,64,8,7478,16,9,0.196710350361059,0.372024605509495,0.19271288619428,0.150174959641589,0,0.224658377540807,0.290410225749883,0.463126352588647,0.321518926994144,0.262393983991086,1.29144785240011,8,1.21402537919841,1.18631815778177,FALSE,FALSE,TRUE,NA,0.603999999999999,0.00850677490234375,409,4,11,12,5111,4,4,750
"rapid_ma_semisup","ok","bounded target-feature interpolation of relation-teacher state",750,64,8,7478,17,9,0.196710350361059,0.422439154854239,0.213170047436548,0.175106612067377,0,0.215768415812375,0.185665447324025,0.525886465789912,0.362916480102882,0.30099366039915,0.589146813254615,8,1.54259340085708,1.3996828807938,FALSE,TRUE,FALSE,NA,1.084,2.36908721923828,597.015625,4,11,12,5111,4,4,750
"rapid_ma_structured","ok","bounded feature/position/attribute interpolation of relation-teacher state (0.50/0.25/0.25)",750,64,8,7478,17,9,0.196710350361059,0.425247392350896,0.195517167867967,0.158480331776989,0,0.212790988474252,0.175402849520399,0.529382387214916,0.33523416850295,0.283700857139683,0.438144628190041,8,1.84775139162319,1.51639327042702,FALSE,TRUE,TRUE,NA,1.37700000000001,2.36908721923828,659.890625,4,11,12,5111,4,4,750
"lema","ok","direct learned low-modality linear projection",750,64,8,7478,16,9,0.196710350361059,0.439957207809575,0.286570769261788,0.232269199322728,0,0.37661962193906,0.383184036700889,0.547694356583985,0.433064839131163,0.351630469854205,19.9999426090308,8,2.8583124558295,2.77629070543782,FALSE,TRUE,FALSE,NA,1.92,10.3115005493164,889.75,4,11,12,5111,4,4,750
"ssma","ok","bounded target-feature interpolation of training embedding",750,64,8,7478,16,9,0.196710350361059,0.00200588392618347,0.0107768302939329,0.00563322140724818,0,0.642241191817603,0.152439393427107,0.00249708673214583,0.0162734597385053,0.00850927508448416,0.169989844438914,8,2.0517652416661,1.20883717780959,FALSE,TRUE,FALSE,NA,0.489999999999995,0.163230895996094,443.203125,4,11,12,5111,4,4,750
"kema","failed",NA,NA,NA,NA,NA,NA,NA,NA,NA,NA,NA,NA,NA,NA,NA,NA,NA,NA,NA,NA,NA,FALSE,TRUE,FALSE,"method exceeded isolated 30 second timeout",30.015,NA,474.734375,4,11,12,5111,4,4,750
"target_centroid","ok","direct scaled target features",750,76,12,10062,19,2,0,0.569270522758895,0.536303249657245,0.404538254560597,0.173103448275862,0.331731479033775,0.379894338122594,0.569270522758895,0.536303249657245,0.404538254560597,1.78107080452333,12,0.550895931387982,0.512159268265038,FALSE,FALSE,FALSE,NA,0.113,0,262.015625,5,12,13,5112,4,4,750
"target_structured","ok","target-only bounded feature/position/attribute smoothing (0.50/0.25/0.25)",750,76,12,10062,19,2,0,0.417312661498708,0.391913149192185,0.275045565930458,0.0751724137931035,0.273474943521231,0.192361468919093,0.417312661498708,0.391913149192185,0.275045565930458,0.742571758779273,12,0.644831179078506,0.621018049462373,FALSE,FALSE,TRUE,NA,0.89700000000002,0.00914764404296875,509.703125,5,12,13,5112,4,4,750
"rapid_ma_semisup","ok","bounded target-feature interpolation of relation-teacher state",750,76,12,10062,20,2,0,0.598290598290598,0.597868781385272,0.454469785543828,0.252413793103448,0.36799836859467,0.403502693842836,0.598290598290598,0.597868781385272,0.454469785543828,0.545305025547268,12,1.02713569388515,0.891002618915863,FALSE,TRUE,FALSE,NA,1.268,2.54447937011719,635.9375,5,12,13,5112,4,4,750
"rapid_ma_structured","ok","bounded feature/position/attribute interpolation of relation-teacher state (0.50/0.25/0.25)",750,76,12,10062,20,2,0,0.0655933214072749,0.163664335153092,0.0902238256162212,0.124827586206897,0.474897906606187,0.177814318614585,0.0655933214072749,0.163664335153092,0.0902238256162212,0.473108125078914,12,1.12543131628622,0.905069711390252,FALSE,TRUE,TRUE,NA,1.71599999999998,2.54447937011719,706.03125,5,12,13,5112,4,4,750
"lema","ok","direct learned low-modality linear projection",750,76,12,10062,19,2,0,0.0211687537268933,0.0241359773371105,0.0123664653971203,0,0.293329478437681,0.0396254970363727,0.0211687537268933,0.0241359773371105,0.0123664653971203,0.0500734960931034,12,2.459689674731,0.39217741220771,FALSE,TRUE,FALSE,NA,2.84300000000002,10.6339111328125,1081.578125,5,12,13,5112,4,4,750
"ssma","ok","bounded target-feature interpolation of training embedding",750,76,12,10062,19,2,0,0.130093420791095,0.122980082675686,0.070112479914301,0.902758620689655,0.38543269961362,0.0198771008723226,0.130093420791095,0.122980082675686,0.070112479914301,0.130282231141328,12,1.54716922026193,0.768009748662608,FALSE,TRUE,FALSE,NA,0.564999999999998,0.164329528808594,471.4375,5,12,13,5112,4,4,750
"kema","failed",NA,NA,NA,NA,NA,NA,NA,NA,NA,NA,NA,NA,NA,NA,NA,NA,NA,NA,NA,NA,NA,FALSE,TRUE,FALSE,"method exceeded isolated 30 second timeout",30.012,NA,503.390625,5,12,13,5112,4,4,750
"target_centroid","ok","direct scaled target features",750,76,16,3339,19,3,0,0.535489667565139,0.772547202647109,0.716486050916347,1,0.282934596216932,0.381402597391326,0.535489667565139,0.772547202647109,0.716486050916347,4.63312243590233,16,2.15265976800928,0.971644253160902,FALSE,FALSE,FALSE,NA,0.0579999999999927,0,181.15625,6,13,14,5113,4,4,750
"target_structured","ok","target-only bounded feature/position/attribute smoothing (0.50/0.25/0.25)",750,76,16,3339,19,3,0,0.540581012279125,0.777145813041599,0.719108778679051,1,0.300899092609086,0.182149296607328,0.540581012279125,0.777145813041599,0.719108778679051,5.03728926820626,16,2.75429986022743,1.82166434602411,FALSE,FALSE,TRUE,NA,0.292000000000002,0.00914764404296875,345.09375,6,13,14,5113,4,4,750
"rapid_ma_semisup","ok","bounded target-feature interpolation of relation-teacher state",750,76,16,3339,20,3,0,0.406409104522312,0.701757899513586,0.595238964067972,1,0.372219953674526,0.319595752335792,0.406409104522312,0.701757899513586,0.595238964067972,0.417075695695102,16,1.52866926176947,1.26341044754682,FALSE,TRUE,FALSE,NA,1.04600000000002,2.52706146240234,646.453125,6,13,14,5113,4,4,750
"rapid_ma_structured","ok","bounded feature/position/attribute interpolation of relation-teacher state (0.50/0.25/0.25)",750,76,16,3339,20,3,0,0.356394129979036,0.65668713856695,0.54458407550655,1,0.274581592188429,0.258210681297338,0.356394129979036,0.65668713856695,0.54458407550655,0.649054855926846,16,1.83651400181847,1.76129414800997,FALSE,TRUE,TRUE,NA,1.20899999999997,2.52706146240234,616.703125,6,13,14,5113,4,4,750
"lema","ok","direct learned low-modality linear projection",750,76,16,3339,19,3,0,0.84156933213537,0.944431728896936,0.904266704911203,1,0.111156462857108,0.762540185612146,0.84156933213537,0.944431728896936,0.904266704911203,0.0549810411897048,16,2.24884266380724,0.54532181367481,FALSE,TRUE,FALSE,NA,1.84100000000001,10.6337203979492,876.078125,6,13,14,5113,4,4,750
"ssma","ok","bounded target-feature interpolation of training embedding",750,76,16,3339,19,3,0,0.935908954776879,0.664168310322157,0.661707126076742,0,0.878947933074578,0.841406565557017,0.935908954776879,0.664168310322157,0.661707126076742,16.5058173323417,16,3.30008077623775,2.93984423531404,FALSE,TRUE,FALSE,NA,0.372000000000014,0.164329528808594,416.78125,6,13,14,5113,4,4,750
"kema","failed",NA,NA,NA,NA,NA,NA,NA,NA,NA,NA,NA,NA,NA,NA,NA,NA,NA,NA,NA,NA,NA,FALSE,TRUE,FALSE,"method exceeded isolated 30 second timeout",30.013,NA,465.484375,6,13,14,5113,4,4,750
"target_centroid","ok","direct scaled target features",750,64,28,2494,16,4,0.102646351242983,0.261828388131516,0.335330569425838,0.293180657519979,0,0.151835779377325,0.506208483785702,0.291778373547811,0.447107425901117,0.390907543359971,11.8359349502439,16,10.1721808016845,2.18063981881074,FALSE,FALSE,FALSE,NA,0.0580000000000211,0,85.359375,7,14,15,5114,4,4,750
"target_structured","ok","target-only bounded feature/position/attribute smoothing (0.50/0.25/0.25)",750,64,28,2494,16,4,0.102646351242983,0.228949478748998,0.3152938856227,0.274375917175171,0,0.109506513576076,0.380265852252932,0.255138516532618,0.420391847496933,0.365834556233562,16.4993008167273,16,10.1078742312916,2.54705110265785,FALSE,FALSE,TRUE,NA,0.262,0.00847625732421875,343.75,7,14,15,5114,4,4,750
"rapid_ma_semisup","ok","bounded target-feature interpolation of relation-teacher state",750,64,28,2494,17,4,0.102646351242983,0.153969526864475,0.268941229685632,0.253613695406,0,0.139653688841997,0.161401125813513,0.171581769436997,0.35858830624751,0.338151593874666,1.24019845215302,16,2.22286352116947,2.19137305950192,FALSE,TRUE,FALSE,NA,0.949999999999989,2.39112091064453,624.109375,7,14,15,5114,4,4,750
"rapid_ma_structured","ok","bounded feature/position/attribute interpolation of relation-teacher state (0.50/0.25/0.25)",750,64,28,2494,17,4,0.102646351242983,0.161186848436247,0.274737075576864,0.254542513043947,0,0.145632949669868,0.154849043339246,0.179624664879357,0.366316100769152,0.33939001739193,1.22406747329889,16,2.28839692633533,2.26644575155356,FALSE,TRUE,TRUE,NA,1.05099999999999,2.39112091064453,616.46875,7,14,15,5114,4,4,750
"lema","ok","direct learned low-modality linear projection",750,64,28,2494,16,4,0.102646351242983,0.750200481154771,0.499919484702093,0.499839021249195,0,0.284873952367233,0.650057569369353,0.836014298480786,0.666559312936125,0.66645202833226,0.0625061924090736,16,2.66544525889788,1.96623386709624,FALSE,TRUE,FALSE,NA,1.923,10.3114166259766,940.625,7,14,15,5114,4,4,750
"ssma","ok","bounded target-feature interpolation of training embedding",750,64,28,2494,16,4,0.102646351242983,0.119085805934242,0.241071428571429,0.232758620689655,0,0.146691992877068,0.140194050517017,0.132707774798928,0.321428571428571,0.310344827586207,0.84610880063015,16,2.5194037414368,2.51528014824765,FALSE,TRUE,FALSE,NA,0.365000000000009,0.163230895996094,408.6875,7,14,15,5114,4,4,750
"kema","failed",NA,NA,NA,NA,NA,NA,NA,NA,NA,NA,NA,NA,NA,NA,NA,NA,NA,NA,NA,NA,NA,FALSE,TRUE,FALSE,"method exceeded isolated 30 second timeout",30.004,NA,474.484375,7,14,15,5114,4,4,750
"target_centroid","ok","direct scaled target features",750,68,4,4642,17,7,0.511848341232227,0.123222748815166,0.243129973246878,0.158206841331429,0.44,0.865725034324718,0.567535608539801,0.252427184466019,0.382375747301926,0.256010586267362,0.0500545154435298,4,0.128421567233772,9.65894031423905e-15,FALSE,FALSE,FALSE,NA,0.0819999999999936,0,210.4375,8,15,16,5115,4,4,750
"target_structured","ok","target-only bounded feature/position/attribute smoothing (0.50/0.25/0.25)",750,68,4,4642,17,7,0.511848341232227,0.0990952175786299,0.168139698493406,0.103161562632621,0.0457142857142857,0.641455937872359,0.372638844606723,0.203000882612533,0.282916272257079,0.185173883438964,0.404041134649203,4,1.63437077323634,1.43597685908831,FALSE,FALSE,TRUE,NA,0.543999999999983,0.00868988037109375,366.4375,8,15,16,5115,4,4,750
"rapid_ma_semisup","ok","bounded target-feature interpolation of relation-teacher state",750,68,4,4642,18,7,0.511848341232227,0.22834984920293,0.359097591086182,0.262538744246156,0.428571428571429,0.614381542328904,0.140807890737852,0.467784642541924,0.534879070700989,0.404244070536205,0.0500436651566305,4,0.883546679261521,1.64134642935969e-08,FALSE,TRUE,FALSE,NA,1.40000000000001,2.42500305175781,673.984375,8,15,16,5115,4,4,750
"rapid_ma_structured","ok","bounded feature/position/attribute interpolation of relation-teacher state (0.50/0.25/0.25)",750,68,4,4642,18,7,0.511848341232227,0.192158552348126,0.267184971892975,0.193225773601923,0.00571428571428571,0.416208863615388,0.0832511189180854,0.393645189761695,0.380395307884897,0.277199189492236,0.230081191746206,4,1.50712258974721,0.39812021621874,FALSE,TRUE,TRUE,NA,1.49300000000002,2.42500305175781,653.375,8,15,16,5115,4,4,750
"lema","ok","direct learned low-modality linear projection",750,68,4,4642,17,7,0.511848341232227,0.171046962516157,0.338092332575949,0.277339341171304,0.657142857142857,0.371326769941982,0.099485022717395,0.350397175639894,0.481846368276135,0.404506955625102,0.0500498167170197,4,1.84365819622369,4.24290692980486e-07,FALSE,TRUE,FALSE,NA,2.166,10.4183578491211,994.609375,8,15,16,5115,4,4,750
"ssma","ok","bounded target-feature interpolation of training embedding",750,68,4,4642,17,7,0.511848341232227,0.0644118914261094,0.0672976626595179,0.0404387921563405,0.0457142857142857,0.558403535452523,0.0733581726147275,0.131950573698147,0.0942167277233251,0.0566143090188767,0.155215010342864,4,1.49720578837093,0.488026143210156,FALSE,TRUE,FALSE,NA,0.442000000000007,0.163597106933594,421.234375,8,15,16,5115,4,4,750
"kema","failed",NA,NA,NA,NA,NA,NA,NA,NA,NA,NA,NA,NA,NA,NA,NA,NA,NA,NA,NA,NA,NA,FALSE,TRUE,FALSE,"method exceeded isolated 30 second timeout",30.012,NA,490.625,8,15,16,5115,4,4,750
"target_centroid","ok","direct scaled target features",750,76,16,166,19,1,0,1,1,1,1,0.41074616565956,0.0100168328221909,1,1,1,5.24144908001353,16,3.40255195224361,1.6780484384139,FALSE,FALSE,FALSE,NA,0.035000000000025,0,4.8125,9,16,1,5116,4,4,750
"target_structured","ok","target-only bounded feature/position/attribute smoothing (0.50/0.25/0.25)",750,76,16,166,19,1,0,0.234939759036145,0.380487804878049,0.234939759036145,0.234939759036145,0.175142532855581,0.284870966607991,0.234939759036145,0.380487804878049,0.234939759036145,1.84771041829503,16,2.12522314012821,1.92774855770313,FALSE,FALSE,TRUE,NA,0.0989999999999895,0.00914764404296875,244.203125,9,16,1,5116,4,4,750
"rapid_ma_semisup","ok","bounded target-feature interpolation of relation-teacher state",750,76,16,166,20,1,0,0.993975903614458,0.996978851963746,0.993975903614458,0.993975903614458,0.24210704801767,0.548137914852067,0.993975903614458,0.996978851963746,0.993975903614458,0.538192495281876,16,1.8095872650063,1.57763144765614,FALSE,TRUE,FALSE,NA,0.979000000000042,2.54833221435547,643.140625,9,16,1,5116,4,4,750
"rapid_ma_structured","ok","bounded feature/position/attribute interpolation of relation-teacher state (0.50/0.25/0.25)",750,76,16,166,20,1,0,0.993975903614458,0.996978851963746,0.993975903614458,0.993975903614458,0.300284857260443,0.74281081681478,0.993975903614458,0.996978851963746,0.993975903614458,0.399608172607617,16,1.89700555126513,1.43897030563336,FALSE,TRUE,TRUE,NA,1.01999999999998,2.54833221435547,624.96875,9,16,1,5116,4,4,750
"lema","ok","direct learned low-modality linear projection",750,76,16,166,19,1,0,1,1,1,1,0.000172803640232089,0.880359319200717,1,1,1,0.0500734960931034,16,2.79975536777449,1.31454803593902,FALSE,TRUE,FALSE,NA,1.80000000000001,10.6338500976562,966.15625,9,16,1,5116,4,4,750
"ssma","ok","bounded target-feature interpolation of training embedding",750,76,16,166,19,1,0,0.957831325301205,0.978461538461538,0.957831325301205,0.957831325301205,0.837557991311754,0.70493218870516,0.957831325301205,0.978461538461538,0.957831325301205,2.34824702310586,16,2.95925957678915,2.88115853382332,FALSE,TRUE,FALSE,NA,0.290999999999997,0.164329528808594,348.34375,9,16,1,5116,4,4,750
"kema","failed",NA,NA,NA,NA,NA,NA,NA,NA,NA,NA,NA,NA,NA,NA,NA,NA,NA,NA,NA,NA,NA,FALSE,TRUE,FALSE,"method exceeded isolated 30 second timeout",30.003,NA,483.171875,9,16,1,5116,4,4,750
