"seed","method","status","assignment_mode","uses_alignment","uses_position","fit_runtime_sec","match_runtime_sec","matcher_retained_mb","hits1","matched_hits1","mrr","coverage","candidate_edges","candidate_cap","dense_pairwise_allocated","correspondence_read_during_fit_or_match","error"
7201,"rapid_prototype_one_to_one","ok","one_to_one",TRUE,FALSE,0.924,0.258,0.01861572265625,0.0366666666666667,0.054726368159204,0.0366666666666667,0.67,9600,32,FALSE,FALSE,NA
7201,"rapid_multiview_one_to_one","ok","one_to_one",TRUE,TRUE,0.924,0.332,0.0191726684570312,0.153333333333333,0.166666666666667,0.153333333333333,0.92,9600,32,FALSE,FALSE,NA
7201,"rapid_multiview_independent","ok","independent",TRUE,TRUE,0.924,0.247999999999999,0.0199050903320312,0.143333333333333,0.143333333333333,0.143333333333333,1,9600,32,FALSE,FALSE,NA
7201,"rapid_ma_semisup_embedding","ok","independent ranked retrieval",TRUE,FALSE,0.924,NA,NA,0.00666666666666667,0.00666666666666667,0.0484635503065169,1,30000,100,FALSE,FALSE,NA
7201,"lema_embedding","ok","independent ranked retrieval",TRUE,FALSE,0.463,NA,NA,0,0,0.00313682297410804,0.04,30000,100,FALSE,TRUE,NA
7201,"ssma_embedding","ok","independent ranked retrieval",TRUE,FALSE,0.126,NA,NA,0.00333333333333333,0.00333333333333333,0.0133380835332515,1,30000,100,FALSE,FALSE,NA
7201,"spectral_mnn_embedding","ok","independent ranked retrieval",TRUE,FALSE,0.166,NA,NA,0.00666666666666667,0.00666666666666667,0.0317532713808331,1,30000,100,FALSE,FALSE,NA
7201,"token_ot_embedding","ok","independent ranked retrieval",TRUE,FALSE,0.112,NA,NA,0.01,0.01,0.0377397959454416,1,30000,100,FALSE,FALSE,NA
7201,"position_knn_diagnostic","ok","independent ranked retrieval",FALSE,TRUE,0,0.00200000000000067,NA,0.21,0.21,0.379276754957015,1,30000,100,FALSE,FALSE,NA
7202,"rapid_prototype_one_to_one","ok","one_to_one",TRUE,FALSE,0.505,0.241,0.0186233520507812,0.03,0.0436893203883495,0.03,0.686666666666667,9600,32,FALSE,FALSE,NA
7202,"rapid_multiview_one_to_one","ok","one_to_one",TRUE,TRUE,0.505,0.239,0.0190887451171875,0.136666666666667,0.156488549618321,0.136666666666667,0.873333333333333,9600,32,FALSE,FALSE,NA
7202,"rapid_multiview_independent","ok","independent",TRUE,TRUE,0.505,0.244999999999999,0.0197677612304688,0.19,0.19,0.19,1,9600,32,FALSE,FALSE,NA
7202,"rapid_ma_semisup_embedding","ok","independent ranked retrieval",TRUE,FALSE,0.505,NA,NA,0.00666666666666667,0.00666666666666667,0.045086751716071,1,30000,100,FALSE,FALSE,NA
7202,"lema_embedding","ok","independent ranked retrieval",TRUE,FALSE,0.473,NA,NA,0,0,0.00288707880813144,0.04,30000,100,FALSE,TRUE,NA
7202,"ssma_embedding","ok","independent ranked retrieval",TRUE,FALSE,0.105,NA,NA,0.00333333333333333,0.00333333333333333,0.0134414029516358,1,30000,100,FALSE,FALSE,NA
7202,"spectral_mnn_embedding","ok","independent ranked retrieval",TRUE,FALSE,0.0840000000000005,NA,NA,0.00333333333333333,0.00333333333333333,0.0271054525818671,1,30000,100,FALSE,FALSE,NA
7202,"token_ot_embedding","ok","independent ranked retrieval",TRUE,FALSE,0.149999999999999,NA,NA,0,0,0.00491543958105493,1,30000,100,FALSE,FALSE,NA
7202,"position_knn_diagnostic","ok","independent ranked retrieval",FALSE,TRUE,0,0.00200000000000067,NA,0.22,0.22,0.380016856367269,1,30000,100,FALSE,FALSE,NA
7203,"rapid_prototype_one_to_one","ok","one_to_one",TRUE,FALSE,0.356,0.246,0.018646240234375,0.0333333333333333,0.0478468899521531,0.0333333333333333,0.696666666666667,9600,32,FALSE,FALSE,NA
7203,"rapid_multiview_one_to_one","ok","one_to_one",TRUE,TRUE,0.356,0.241,0.0191192626953125,0.183333333333333,0.205992509363296,0.183333333333333,0.89,9600,32,FALSE,FALSE,NA
7203,"rapid_multiview_independent","ok","independent",TRUE,TRUE,0.356,0.244999999999999,0.0200347900390625,0.156666666666667,0.156666666666667,0.156666666666667,1,9600,32,FALSE,FALSE,NA
7203,"rapid_ma_semisup_embedding","ok","independent ranked retrieval",TRUE,FALSE,0.356,NA,NA,0.02,0.02,0.0610203504767021,1,30000,100,FALSE,FALSE,NA
7203,"lema_embedding","ok","independent ranked retrieval",TRUE,FALSE,0.331000000000001,NA,NA,0,0,0.00202799390438279,0.04,30000,100,FALSE,TRUE,NA
7203,"ssma_embedding","ok","independent ranked retrieval",TRUE,FALSE,0.0220000000000002,NA,NA,0,0,0.00870944321442189,1,30000,100,FALSE,FALSE,NA
7203,"spectral_mnn_embedding","ok","independent ranked retrieval",TRUE,FALSE,0.0439999999999987,NA,NA,0.00333333333333333,0.00333333333333333,0.0317418573255524,1,30000,100,FALSE,FALSE,NA
7203,"token_ot_embedding","ok","independent ranked retrieval",TRUE,FALSE,0.0469999999999988,NA,NA,0.00666666666666667,0.00666666666666667,0.0387843796176804,1,30000,100,FALSE,FALSE,NA
7203,"position_knn_diagnostic","ok","independent ranked retrieval",FALSE,TRUE,0,0.00200000000000067,NA,0.186666666666667,0.186666666666667,0.351574144639371,1,30000,100,FALSE,FALSE,NA
7204,"rapid_prototype_one_to_one","ok","one_to_one",TRUE,FALSE,0.344999999999999,0.238999999999999,0.0185470581054688,0.0366666666666667,0.0601092896174863,0.0366666666666667,0.61,9600,32,FALSE,FALSE,NA
7204,"rapid_multiview_one_to_one","ok","one_to_one",TRUE,TRUE,0.344999999999999,0.236000000000001,0.0192031860351562,0.163333333333333,0.175627240143369,0.163333333333333,0.93,9600,32,FALSE,FALSE,NA
7204,"rapid_multiview_independent","ok","independent",TRUE,TRUE,0.344999999999999,0.242999999999999,0.0199661254882812,0.123333333333333,0.123333333333333,0.123333333333333,1,9600,32,FALSE,FALSE,NA
7204,"rapid_ma_semisup_embedding","ok","independent ranked retrieval",TRUE,FALSE,0.344999999999999,NA,NA,0.0133333333333333,0.0133333333333333,0.0550644690527612,1,30000,100,FALSE,FALSE,NA
7204,"lema_embedding","ok","independent ranked retrieval",TRUE,FALSE,0.312000000000001,NA,NA,0,0,0.0022092940836135,0.04,30000,100,FALSE,TRUE,NA
7204,"ssma_embedding","ok","independent ranked retrieval",TRUE,FALSE,0.0220000000000002,NA,NA,0.00333333333333333,0.00333333333333333,0.0140354396097061,1,30000,100,FALSE,FALSE,NA
7204,"spectral_mnn_embedding","ok","independent ranked retrieval",TRUE,FALSE,0.0330000000000013,NA,NA,0.00333333333333333,0.00333333333333333,0.0273202026929347,1,30000,100,FALSE,FALSE,NA
7204,"token_ot_embedding","ok","independent ranked retrieval",TRUE,FALSE,0.0449999999999999,NA,NA,0.00666666666666667,0.00666666666666667,0.0182917669791044,1,30000,100,FALSE,FALSE,NA
7204,"position_knn_diagnostic","ok","independent ranked retrieval",FALSE,TRUE,0,0.00200000000000067,NA,0.143333333333333,0.143333333333333,0.314547352962238,1,30000,100,FALSE,FALSE,NA
7205,"rapid_prototype_one_to_one","ok","one_to_one",TRUE,FALSE,0.34,0.244,0.018585205078125,0.0166666666666667,0.0255102040816327,0.0166666666666667,0.653333333333333,9600,32,FALSE,FALSE,NA
7205,"rapid_multiview_one_to_one","ok","one_to_one",TRUE,TRUE,0.34,0.247,0.019073486328125,0.13,0.151162790697674,0.13,0.86,9600,32,FALSE,FALSE,NA
7205,"rapid_multiview_independent","ok","independent",TRUE,TRUE,0.34,0.244999999999999,0.0197906494140625,0.166666666666667,0.166666666666667,0.166666666666667,1,9600,32,FALSE,FALSE,NA
7205,"rapid_ma_semisup_embedding","ok","independent ranked retrieval",TRUE,FALSE,0.34,NA,NA,0.00666666666666667,0.00666666666666667,0.0465755703180331,1,30000,100,FALSE,FALSE,NA
7205,"lema_embedding","ok","independent ranked retrieval",TRUE,FALSE,0.425000000000001,NA,NA,0,0,0.00232413612594667,0.04,30000,100,FALSE,TRUE,NA
7205,"ssma_embedding","ok","independent ranked retrieval",TRUE,FALSE,0.0249999999999986,NA,NA,0.00333333333333333,0.00333333333333333,0.0143459044534874,1,30000,100,FALSE,FALSE,NA
7205,"spectral_mnn_embedding","ok","independent ranked retrieval",TRUE,FALSE,0.0330000000000013,NA,NA,0.01,0.01,0.0284210879487933,1,30000,100,FALSE,FALSE,NA
7205,"token_ot_embedding","ok","independent ranked retrieval",TRUE,FALSE,0.0449999999999999,NA,NA,0.00666666666666667,0.00666666666666667,0.0256727919099308,1,30000,100,FALSE,FALSE,NA
7205,"position_knn_diagnostic","ok","independent ranked retrieval",FALSE,TRUE,0,0.00200000000000067,NA,0.156666666666667,0.156666666666667,0.343758378171912,1,30000,100,FALSE,FALSE,NA
7206,"rapid_prototype_one_to_one","ok","one_to_one",TRUE,FALSE,0.351000000000001,0.244999999999997,0.0186309814453125,0.0533333333333333,0.0769230769230769,0.0533333333333333,0.693333333333333,9600,32,FALSE,FALSE,NA
7206,"rapid_multiview_one_to_one","ok","one_to_one",TRUE,TRUE,0.351000000000001,0.242000000000001,0.0191574096679688,0.19,0.208029197080292,0.19,0.913333333333333,9600,32,FALSE,FALSE,NA
7206,"rapid_multiview_independent","ok","independent",TRUE,TRUE,0.351000000000001,0.249000000000002,0.0199432373046875,0.126666666666667,0.126666666666667,0.126666666666667,1,9600,32,FALSE,FALSE,NA
7206,"rapid_ma_semisup_embedding","ok","independent ranked retrieval",TRUE,FALSE,0.351000000000001,NA,NA,0.0166666666666667,0.0166666666666667,0.0617141683607475,1,30000,100,FALSE,FALSE,NA
7206,"lema_embedding","ok","independent ranked retrieval",TRUE,FALSE,0.321999999999999,NA,NA,0,0,0.00277067589464304,0.04,30000,100,FALSE,TRUE,NA
7206,"ssma_embedding","ok","independent ranked retrieval",TRUE,FALSE,0.0239999999999974,NA,NA,0.00333333333333333,0.00333333333333333,0.015301193915862,1,30000,100,FALSE,FALSE,NA
7206,"spectral_mnn_embedding","ok","independent ranked retrieval",TRUE,FALSE,0.0309999999999988,NA,NA,0,0,0.00478350813660336,1,30000,100,FALSE,FALSE,NA
7206,"token_ot_embedding","ok","independent ranked retrieval",TRUE,FALSE,0.0459999999999994,NA,NA,0.00333333333333333,0.00333333333333333,0.0109889552013593,1,30000,100,FALSE,FALSE,NA
7206,"position_knn_diagnostic","ok","independent ranked retrieval",FALSE,TRUE,0,0.00199999999999889,NA,0.21,0.21,0.363842511154136,1,30000,100,FALSE,FALSE,NA
7207,"rapid_prototype_one_to_one","ok","one_to_one",TRUE,FALSE,0.327999999999999,0.239999999999998,0.0186233520507812,0.0366666666666667,0.0533980582524272,0.0366666666666667,0.686666666666667,9600,32,FALSE,FALSE,NA
7207,"rapid_multiview_one_to_one","ok","one_to_one",TRUE,TRUE,0.327999999999999,0.248999999999999,0.0191268920898438,0.14,0.155555555555556,0.14,0.9,9600,32,FALSE,FALSE,NA
7207,"rapid_multiview_independent","ok","independent",TRUE,TRUE,0.327999999999999,0.239999999999998,0.0198898315429688,0.163333333333333,0.163333333333333,0.163333333333333,1,9600,32,FALSE,FALSE,NA
7207,"rapid_ma_semisup_embedding","ok","independent ranked retrieval",TRUE,FALSE,0.327999999999999,NA,NA,0.0366666666666667,0.0366666666666667,0.0818842706598329,1,30000,100,FALSE,FALSE,NA
7207,"lema_embedding","ok","independent ranked retrieval",TRUE,FALSE,0.439,NA,NA,0.00333333333333333,0.0833333333333333,0.0100308547661489,0.04,30000,100,FALSE,TRUE,NA
7207,"ssma_embedding","ok","independent ranked retrieval",TRUE,FALSE,0.0240000000000009,NA,NA,0.00333333333333333,0.00333333333333333,0.0160353652451395,1,30000,100,FALSE,FALSE,NA
7207,"spectral_mnn_embedding","ok","independent ranked retrieval",TRUE,FALSE,0.0360000000000014,NA,NA,0.00666666666666667,0.00666666666666667,0.0160098149100595,1,30000,100,FALSE,FALSE,NA
7207,"token_ot_embedding","ok","independent ranked retrieval",TRUE,FALSE,0.0440000000000005,NA,NA,0.01,0.01,0.0374540428715436,1,30000,100,FALSE,FALSE,NA
7207,"position_knn_diagnostic","ok","independent ranked retrieval",FALSE,TRUE,0,0.00200000000000244,NA,0.223333333333333,0.223333333333333,0.37913050963008,1,30000,100,FALSE,FALSE,NA
7208,"rapid_prototype_one_to_one","ok","one_to_one",TRUE,FALSE,0.332000000000001,0.233999999999998,0.018646240234375,0.03,0.0430622009569378,0.03,0.696666666666667,9600,32,FALSE,FALSE,NA
7208,"rapid_multiview_one_to_one","ok","one_to_one",TRUE,TRUE,0.332000000000001,0.247,0.0192031860351562,0.136666666666667,0.146953405017921,0.136666666666667,0.93,9600,32,FALSE,FALSE,NA
7208,"rapid_multiview_independent","ok","independent",TRUE,TRUE,0.332000000000001,0.237000000000002,0.0198593139648438,0.13,0.13,0.13,1,9600,32,FALSE,FALSE,NA
7208,"rapid_ma_semisup_embedding","ok","independent ranked retrieval",TRUE,FALSE,0.332000000000001,NA,NA,0.01,0.01,0.0642391133245798,1,30000,100,FALSE,FALSE,NA
7208,"lema_embedding","ok","independent ranked retrieval",TRUE,FALSE,0.349,NA,NA,0,0,0.00385757434286846,0.04,30000,100,FALSE,TRUE,NA
7208,"ssma_embedding","ok","independent ranked retrieval",TRUE,FALSE,0.0219999999999985,NA,NA,0.00333333333333333,0.00333333333333333,0.0162401036107968,1,30000,100,FALSE,FALSE,NA
7208,"spectral_mnn_embedding","ok","independent ranked retrieval",TRUE,FALSE,0.0339999999999989,NA,NA,0.00666666666666667,0.00666666666666667,0.0285825044991548,1,30000,100,FALSE,FALSE,NA
7208,"token_ot_embedding","ok","independent ranked retrieval",TRUE,FALSE,0.0470000000000006,NA,NA,0.00333333333333333,0.00333333333333333,0.0151567566622762,1,30000,100,FALSE,FALSE,NA
7208,"position_knn_diagnostic","ok","independent ranked retrieval",FALSE,TRUE,0,0.00199999999999889,NA,0.193333333333333,0.193333333333333,0.349409677294162,1,30000,100,FALSE,FALSE,NA
7209,"rapid_prototype_one_to_one","ok","one_to_one",TRUE,FALSE,0.343999999999998,0.229999999999997,0.0185699462890625,0.0233333333333333,0.0364583333333333,0.0233333333333333,0.64,9600,32,FALSE,FALSE,NA
7209,"rapid_multiview_one_to_one","ok","one_to_one",TRUE,TRUE,0.343999999999998,0.241999999999997,0.01910400390625,0.133333333333333,0.150375939849624,0.133333333333333,0.886666666666667,9600,32,FALSE,FALSE,NA
7209,"rapid_multiview_independent","ok","independent",TRUE,TRUE,0.343999999999998,0.236000000000001,0.0197830200195312,0.13,0.13,0.13,1,9600,32,FALSE,FALSE,NA
7209,"rapid_ma_semisup_embedding","ok","independent ranked retrieval",TRUE,FALSE,0.343999999999998,NA,NA,0.00666666666666667,0.00666666666666667,0.0276045757837791,1,30000,100,FALSE,FALSE,NA
7209,"lema_embedding","ok","independent ranked retrieval",TRUE,FALSE,0.323,NA,NA,0,0,0.00352265438454697,0.04,30000,100,FALSE,TRUE,NA
7209,"ssma_embedding","ok","independent ranked retrieval",TRUE,FALSE,0.0240000000000009,NA,NA,0.00333333333333333,0.00333333333333333,0.0160787676369663,1,30000,100,FALSE,FALSE,NA
7209,"spectral_mnn_embedding","ok","independent ranked retrieval",TRUE,FALSE,0.0340000000000025,NA,NA,0.01,0.01,0.050217882356885,1,30000,100,FALSE,FALSE,NA
7209,"token_ot_embedding","ok","independent ranked retrieval",TRUE,FALSE,0.0459999999999994,NA,NA,0.00333333333333333,0.00333333333333333,0.0160125670485593,1,30000,100,FALSE,FALSE,NA
7209,"position_knn_diagnostic","ok","independent ranked retrieval",FALSE,TRUE,0,0.00100000000000122,NA,0.186666666666667,0.186666666666667,0.353642672415095,1,30000,100,FALSE,FALSE,NA
7210,"rapid_prototype_one_to_one","ok","one_to_one",TRUE,FALSE,0.337999999999997,0.234999999999999,0.0185165405273438,0.0233333333333333,0.04,0.0233333333333333,0.583333333333333,9600,32,FALSE,FALSE,NA
7210,"rapid_multiview_one_to_one","ok","one_to_one",TRUE,TRUE,0.337999999999997,0.231000000000002,0.0191268920898438,0.09,0.1,0.09,0.9,9600,32,FALSE,FALSE,NA
7210,"rapid_multiview_independent","ok","independent",TRUE,TRUE,0.337999999999997,0.233000000000001,0.01983642578125,0.106666666666667,0.106666666666667,0.106666666666667,1,9600,32,FALSE,FALSE,NA
7210,"rapid_ma_semisup_embedding","ok","independent ranked retrieval",TRUE,FALSE,0.337999999999997,NA,NA,0.0133333333333333,0.0133333333333333,0.0507526027607084,1,30000,100,FALSE,FALSE,NA
7210,"lema_embedding","ok","independent ranked retrieval",TRUE,FALSE,0.428999999999998,NA,NA,0,0,0.00369953776624257,0.04,30000,100,FALSE,TRUE,NA
7210,"ssma_embedding","ok","independent ranked retrieval",TRUE,FALSE,0.0229999999999997,NA,NA,0.00333333333333333,0.00333333333333333,0.0172387126871759,1,30000,100,FALSE,FALSE,NA
7210,"spectral_mnn_embedding","ok","independent ranked retrieval",TRUE,FALSE,0.0350000000000001,NA,NA,0.01,0.01,0.025472501530415,1,30000,100,FALSE,FALSE,NA
7210,"token_ot_embedding","ok","independent ranked retrieval",TRUE,FALSE,0.0449999999999982,NA,NA,0.00666666666666667,0.00666666666666667,0.0191006591419035,1,30000,100,FALSE,FALSE,NA
7210,"position_knn_diagnostic","ok","independent ranked retrieval",FALSE,TRUE,0,0.00199999999999889,NA,0.196666666666667,0.196666666666667,0.345909368536102,1,30000,100,FALSE,FALSE,NA
7211,"rapid_prototype_one_to_one","ok","one_to_one",TRUE,FALSE,0.373999999999999,0.242999999999999,0.0185394287109375,0.04,0.0652173913043478,0.04,0.613333333333333,9600,32,FALSE,FALSE,NA
7211,"rapid_multiview_one_to_one","ok","one_to_one",TRUE,TRUE,0.373999999999999,0.253,0.0189895629882812,0.13,0.165254237288136,0.13,0.786666666666667,9600,32,FALSE,FALSE,NA
7211,"rapid_multiview_independent","ok","independent",TRUE,TRUE,0.373999999999999,0.247999999999998,0.0199661254882812,0.136666666666667,0.136666666666667,0.136666666666667,1,9600,32,FALSE,FALSE,NA
7211,"rapid_ma_semisup_embedding","ok","independent ranked retrieval",TRUE,FALSE,0.373999999999999,NA,NA,0.0133333333333333,0.0133333333333333,0.050131142866559,1,30000,100,FALSE,FALSE,NA
7211,"lema_embedding","ok","independent ranked retrieval",TRUE,FALSE,0.314,NA,NA,0.00666666666666667,0.166666666666667,0.0124822135925077,0.04,30000,100,FALSE,TRUE,NA
7211,"ssma_embedding","ok","independent ranked retrieval",TRUE,FALSE,0.022000000000002,NA,NA,0.00333333333333333,0.00333333333333333,0.0139525916348197,1,30000,100,FALSE,FALSE,NA
7211,"spectral_mnn_embedding","ok","independent ranked retrieval",TRUE,FALSE,0.0390000000000015,NA,NA,0.0133333333333333,0.0133333333333333,0.0406021639235694,1,30000,100,FALSE,FALSE,NA
7211,"token_ot_embedding","ok","independent ranked retrieval",TRUE,FALSE,0.0470000000000006,NA,NA,0,0,0.00502742523501118,1,30000,100,FALSE,FALSE,NA
7211,"position_knn_diagnostic","ok","independent ranked retrieval",FALSE,TRUE,0,0.00200000000000244,NA,0.173333333333333,0.173333333333333,0.344559098382643,1,30000,100,FALSE,FALSE,NA
7212,"rapid_prototype_one_to_one","ok","one_to_one",TRUE,FALSE,0.370000000000001,0.238,0.0185089111328125,0.0133333333333333,0.023121387283237,0.0133333333333333,0.576666666666667,9600,32,FALSE,FALSE,NA
7212,"rapid_multiview_one_to_one","ok","one_to_one",TRUE,TRUE,0.370000000000001,0.250000000000004,0.0189590454101562,0.0766666666666667,0.100877192982456,0.0766666666666667,0.76,9600,32,FALSE,FALSE,NA
7212,"rapid_multiview_independent","ok","independent",TRUE,TRUE,0.370000000000001,0.244,0.0198440551757812,0.0966666666666667,0.0966666666666667,0.0966666666666667,1,9600,32,FALSE,FALSE,NA
7212,"rapid_ma_semisup_embedding","ok","independent ranked retrieval",TRUE,FALSE,0.370000000000001,NA,NA,0.02,0.02,0.0486147479943125,1,30000,100,FALSE,FALSE,NA
7212,"lema_embedding","ok","independent ranked retrieval",TRUE,FALSE,0.323,NA,NA,0,0,0.0029594786114394,0.04,30000,100,FALSE,TRUE,NA
7212,"ssma_embedding","ok","independent ranked retrieval",TRUE,FALSE,0.0229999999999997,NA,NA,0.00333333333333333,0.00333333333333333,0.0159241453948134,1,30000,100,FALSE,FALSE,NA
7212,"spectral_mnn_embedding","ok","independent ranked retrieval",TRUE,FALSE,0.0339999999999989,NA,NA,0,0,0.00420217935562191,1,30000,100,FALSE,FALSE,NA
7212,"token_ot_embedding","ok","independent ranked retrieval",TRUE,FALSE,0.0470000000000006,NA,NA,0.01,0.01,0.0317848676933088,1,30000,100,FALSE,FALSE,NA
7212,"position_knn_diagnostic","ok","independent ranked retrieval",FALSE,TRUE,0,0.00199999999999534,NA,0.186666666666667,0.186666666666667,0.359437746193682,1,30000,100,FALSE,FALSE,NA
7213,"rapid_prototype_one_to_one","ok","one_to_one",TRUE,FALSE,0.338000000000001,0.229999999999997,0.01861572265625,0.03,0.0447761194029851,0.03,0.67,9600,32,FALSE,FALSE,NA
7213,"rapid_multiview_one_to_one","ok","one_to_one",TRUE,TRUE,0.338000000000001,0.235000000000007,0.0190582275390625,0.143333333333333,0.169291338582677,0.143333333333333,0.846666666666667,9600,32,FALSE,FALSE,NA
7213,"rapid_multiview_independent","ok","independent",TRUE,TRUE,0.338000000000001,0.238999999999997,0.0198745727539062,0.153333333333333,0.153333333333333,0.153333333333333,1,9600,32,FALSE,FALSE,NA
7213,"rapid_ma_semisup_embedding","ok","independent ranked retrieval",TRUE,FALSE,0.338000000000001,NA,NA,0.01,0.01,0.051752212847193,1,30000,100,FALSE,FALSE,NA
7213,"lema_embedding","ok","independent ranked retrieval",TRUE,FALSE,0.431000000000004,NA,NA,0,0,0.00213382682132682,0.04,30000,100,FALSE,TRUE,NA
7213,"ssma_embedding","ok","independent ranked retrieval",TRUE,FALSE,0.0230000000000032,NA,NA,0,0,0.0119467177153703,1,30000,100,FALSE,FALSE,NA
7213,"spectral_mnn_embedding","ok","independent ranked retrieval",TRUE,FALSE,0.0339999999999989,NA,NA,0,0,0.0138521993523497,1,30000,100,FALSE,FALSE,NA
7213,"token_ot_embedding","ok","independent ranked retrieval",TRUE,FALSE,0.0480000000000018,NA,NA,0,0,0.00565395997529571,1,30000,100,FALSE,FALSE,NA
7213,"position_knn_diagnostic","ok","independent ranked retrieval",FALSE,TRUE,0,0.00200000000000244,NA,0.17,0.17,0.346595144600708,1,30000,100,FALSE,FALSE,NA
7214,"rapid_prototype_one_to_one","ok","one_to_one",TRUE,FALSE,0.359000000000002,0.280999999999999,0.0185394287109375,0.0466666666666667,0.0773480662983425,0.0466666666666667,0.603333333333333,9600,32,FALSE,FALSE,NA
7214,"rapid_multiview_one_to_one","ok","one_to_one",TRUE,TRUE,0.359000000000002,0.244999999999997,0.01904296875,0.16,0.194331983805668,0.16,0.823333333333333,9600,32,FALSE,FALSE,NA
7214,"rapid_multiview_independent","ok","independent",TRUE,TRUE,0.359000000000002,0.245999999999995,0.019775390625,0.183333333333333,0.183333333333333,0.183333333333333,1,9600,32,FALSE,FALSE,NA
7214,"rapid_ma_semisup_embedding","ok","independent ranked retrieval",TRUE,FALSE,0.359000000000002,NA,NA,0.0233333333333333,0.0233333333333333,0.0701079009949285,1,30000,100,FALSE,FALSE,NA
7214,"lema_embedding","ok","independent ranked retrieval",TRUE,FALSE,0.323999999999998,NA,NA,0,0,0.00373250496779909,0.04,30000,100,FALSE,TRUE,NA
7214,"ssma_embedding","ok","independent ranked retrieval",TRUE,FALSE,0.0229999999999961,NA,NA,0.00333333333333333,0.00333333333333333,0.0166849981322321,1,30000,100,FALSE,FALSE,NA
7214,"spectral_mnn_embedding","ok","independent ranked retrieval",TRUE,FALSE,0.0330000000000013,NA,NA,0.00666666666666667,0.00666666666666667,0.0404014458463159,1,30000,100,FALSE,FALSE,NA
7214,"token_ot_embedding","ok","independent ranked retrieval",TRUE,FALSE,0.0480000000000018,NA,NA,0.0133333333333333,0.0133333333333333,0.0407931196737386,1,30000,100,FALSE,FALSE,NA
7214,"position_knn_diagnostic","ok","independent ranked retrieval",FALSE,TRUE,0,0.00200000000000244,NA,0.2,0.2,0.351889056671847,1,30000,100,FALSE,FALSE,NA
7215,"rapid_prototype_one_to_one","ok","one_to_one",TRUE,FALSE,0.357999999999997,0.244,0.0186386108398438,0.0666666666666667,0.0966183574879227,0.0666666666666667,0.69,9600,32,FALSE,FALSE,NA
7215,"rapid_multiview_one_to_one","ok","one_to_one",TRUE,TRUE,0.357999999999997,0.245000000000005,0.0191574096679688,0.19,0.208791208791209,0.19,0.91,9600,32,FALSE,FALSE,NA
7215,"rapid_multiview_independent","ok","independent",TRUE,TRUE,0.357999999999997,0.239999999999995,0.0199661254882812,0.153333333333333,0.153333333333333,0.153333333333333,1,9600,32,FALSE,FALSE,NA
7215,"rapid_ma_semisup_embedding","ok","independent ranked retrieval",TRUE,FALSE,0.357999999999997,NA,NA,0.0366666666666667,0.0366666666666667,0.0869201514489035,1,30000,100,FALSE,FALSE,NA
7215,"lema_embedding","ok","independent ranked retrieval",TRUE,FALSE,0.440000000000005,NA,NA,0,0,0.00582404462009725,0.04,30000,100,FALSE,TRUE,NA
7215,"ssma_embedding","ok","independent ranked retrieval",TRUE,FALSE,0.0249999999999986,NA,NA,0,0,0.0117487872926428,1,30000,100,FALSE,FALSE,NA
7215,"spectral_mnn_embedding","ok","independent ranked retrieval",TRUE,FALSE,0.0370000000000061,NA,NA,0,0,0.0126212750793815,1,30000,100,FALSE,FALSE,NA
7215,"token_ot_embedding","ok","independent ranked retrieval",TRUE,FALSE,0.0489999999999995,NA,NA,0,0,0.0142594591688292,1,30000,100,FALSE,FALSE,NA
7215,"position_knn_diagnostic","ok","independent ranked retrieval",FALSE,TRUE,0,0.00200000000000244,NA,0.18,0.18,0.340387186985958,1,30000,100,FALSE,FALSE,NA
7216,"rapid_prototype_one_to_one","ok","one_to_one",TRUE,FALSE,0.384999999999998,0.241999999999997,0.0185470581054688,0.04,0.0655737704918033,0.04,0.61,9600,32,FALSE,FALSE,NA
7216,"rapid_multiview_one_to_one","ok","one_to_one",TRUE,TRUE,0.384999999999998,0.243000000000002,0.0189666748046875,0.103333333333333,0.136563876651982,0.103333333333333,0.756666666666667,9600,32,FALSE,FALSE,NA
7216,"rapid_multiview_independent","ok","independent",TRUE,TRUE,0.384999999999998,0.245000000000005,0.0199432373046875,0.123333333333333,0.123333333333333,0.123333333333333,1,9600,32,FALSE,FALSE,NA
7216,"rapid_ma_semisup_embedding","ok","independent ranked retrieval",TRUE,FALSE,0.384999999999998,NA,NA,0.00666666666666667,0.00666666666666667,0.039300220578872,1,30000,100,FALSE,FALSE,NA
7216,"lema_embedding","ok","independent ranked retrieval",TRUE,FALSE,0.330999999999996,NA,NA,0,0,0.00260384835182611,0.04,30000,100,FALSE,TRUE,NA
7216,"ssma_embedding","ok","independent ranked retrieval",TRUE,FALSE,0.0229999999999961,NA,NA,0.00333333333333333,0.00333333333333333,0.0158286142917963,1,30000,100,FALSE,FALSE,NA
7216,"spectral_mnn_embedding","ok","independent ranked retrieval",TRUE,FALSE,0.0349999999999966,NA,NA,0.00666666666666667,0.00666666666666667,0.0256770083103262,1,30000,100,FALSE,FALSE,NA
7216,"token_ot_embedding","ok","independent ranked retrieval",TRUE,FALSE,0.0479999999999947,NA,NA,0.01,0.01,0.0462675075532839,1,30000,100,FALSE,FALSE,NA
7216,"position_knn_diagnostic","ok","independent ranked retrieval",FALSE,TRUE,0,0.00199999999999534,NA,0.17,0.17,0.341857263108417,1,30000,100,FALSE,FALSE,NA
7217,"rapid_prototype_one_to_one","ok","one_to_one",TRUE,FALSE,0.341000000000001,0.238,0.0185623168945312,0.04,0.0641711229946524,0.04,0.623333333333333,9600,32,FALSE,FALSE,NA
7217,"rapid_multiview_one_to_one","ok","one_to_one",TRUE,TRUE,0.341000000000001,0.238,0.0191192626953125,0.11,0.123595505617978,0.11,0.89,9600,32,FALSE,FALSE,NA
7217,"rapid_multiview_independent","ok","independent",TRUE,TRUE,0.341000000000001,0.236000000000004,0.0198822021484375,0.103333333333333,0.103333333333333,0.103333333333333,1,9600,32,FALSE,FALSE,NA
7217,"rapid_ma_semisup_embedding","ok","independent ranked retrieval",TRUE,FALSE,0.341000000000001,NA,NA,0.0266666666666667,0.0266666666666667,0.0820247486953389,1,30000,100,FALSE,FALSE,NA
7217,"lema_embedding","ok","independent ranked retrieval",TRUE,FALSE,0.429000000000002,NA,NA,0,0,0.00275296524175835,0.04,30000,100,FALSE,TRUE,NA
7217,"ssma_embedding","ok","independent ranked retrieval",TRUE,FALSE,0.0230000000000032,NA,NA,0.00333333333333333,0.00333333333333333,0.0143118748141181,1,30000,100,FALSE,FALSE,NA
7217,"spectral_mnn_embedding","ok","independent ranked retrieval",TRUE,FALSE,0.0309999999999988,NA,NA,0.00333333333333333,0.00333333333333333,0.0258162752518535,1,30000,100,FALSE,FALSE,NA
7217,"token_ot_embedding","ok","independent ranked retrieval",TRUE,FALSE,0.0480000000000018,NA,NA,0.00333333333333333,0.00333333333333333,0.0151317247990417,1,30000,100,FALSE,FALSE,NA
7217,"position_knn_diagnostic","ok","independent ranked retrieval",FALSE,TRUE,0,0.00199999999999534,NA,0.146666666666667,0.146666666666667,0.301420062986229,1,30000,100,FALSE,FALSE,NA
7218,"rapid_prototype_one_to_one","ok","one_to_one",TRUE,FALSE,0.350999999999999,0.234000000000002,0.01861572265625,0.0333333333333333,0.0490196078431373,0.0333333333333333,0.68,9600,32,FALSE,FALSE,NA
7218,"rapid_multiview_one_to_one","ok","one_to_one",TRUE,TRUE,0.350999999999999,0.241,0.0191726684570312,0.143333333333333,0.156363636363636,0.143333333333333,0.916666666666667,9600,32,FALSE,FALSE,NA
7218,"rapid_multiview_independent","ok","independent",TRUE,TRUE,0.350999999999999,0.243000000000002,0.0198287963867188,0.136666666666667,0.136666666666667,0.136666666666667,1,9600,32,FALSE,FALSE,NA
7218,"rapid_ma_semisup_embedding","ok","independent ranked retrieval",TRUE,FALSE,0.350999999999999,NA,NA,0.01,0.01,0.0500604907676222,1,30000,100,FALSE,FALSE,NA
7218,"lema_embedding","ok","independent ranked retrieval",TRUE,FALSE,0.433999999999997,NA,NA,0,0,0.00318072061623228,0.04,30000,100,FALSE,TRUE,NA
7218,"ssma_embedding","ok","independent ranked retrieval",TRUE,FALSE,0.0240000000000009,NA,NA,0.00333333333333333,0.00333333333333333,0.01552420735284,1,30000,100,FALSE,FALSE,NA
7218,"spectral_mnn_embedding","ok","independent ranked retrieval",TRUE,FALSE,0.0319999999999965,NA,NA,0.00666666666666667,0.00666666666666667,0.0405477997228057,1,30000,100,FALSE,FALSE,NA
7218,"token_ot_embedding","ok","independent ranked retrieval",TRUE,FALSE,0.0450000000000017,NA,NA,0.00666666666666667,0.00666666666666667,0.0302966754161813,1,30000,100,FALSE,FALSE,NA
7218,"position_knn_diagnostic","ok","independent ranked retrieval",FALSE,TRUE,0,0.00199999999999534,NA,0.18,0.18,0.355444793960082,1,30000,100,FALSE,FALSE,NA
7219,"rapid_prototype_one_to_one","ok","one_to_one",TRUE,FALSE,0.356000000000002,0.234999999999999,0.0186920166015625,0.0433333333333333,0.0588235294117647,0.0433333333333333,0.736666666666667,9600,32,FALSE,FALSE,NA
7219,"rapid_multiview_one_to_one","ok","one_to_one",TRUE,TRUE,0.356000000000002,0.345000000000006,0.0191574096679688,0.136666666666667,0.15018315018315,0.136666666666667,0.91,9600,32,FALSE,FALSE,NA
7219,"rapid_multiview_independent","ok","independent",TRUE,TRUE,0.356000000000002,0.243000000000002,0.019744873046875,0.156666666666667,0.156666666666667,0.156666666666667,1,9600,32,FALSE,FALSE,NA
7219,"rapid_ma_semisup_embedding","ok","independent ranked retrieval",TRUE,FALSE,0.356000000000002,NA,NA,0.02,0.02,0.0619864627449982,1,30000,100,FALSE,FALSE,NA
7219,"lema_embedding","ok","independent ranked retrieval",TRUE,FALSE,0.334000000000003,NA,NA,0,0,0.00554204129204129,0.04,30000,100,FALSE,TRUE,NA
7219,"ssma_embedding","ok","independent ranked retrieval",TRUE,FALSE,0.0219999999999985,NA,NA,0,0,0.0103681192572277,1,30000,100,FALSE,FALSE,NA
7219,"spectral_mnn_embedding","ok","independent ranked retrieval",TRUE,FALSE,0.0339999999999989,NA,NA,0.00666666666666667,0.00666666666666667,0.023061512972511,1,30000,100,FALSE,FALSE,NA
7219,"token_ot_embedding","ok","independent ranked retrieval",TRUE,FALSE,0.0470000000000041,NA,NA,0,0,0.00969055382787334,1,30000,100,FALSE,FALSE,NA
7219,"position_knn_diagnostic","ok","independent ranked retrieval",FALSE,TRUE,0,0.000999999999997669,NA,0.223333333333333,0.223333333333333,0.382270281809207,1,30000,100,FALSE,FALSE,NA
7220,"rapid_prototype_one_to_one","ok","one_to_one",TRUE,FALSE,0.328000000000003,0.240000000000002,0.0186386108398438,0.0266666666666667,0.0380952380952381,0.0266666666666667,0.7,9600,32,FALSE,FALSE,NA
7220,"rapid_multiview_one_to_one","ok","one_to_one",TRUE,TRUE,0.328000000000003,0.241999999999997,0.0192184448242188,0.153333333333333,0.163120567375887,0.153333333333333,0.94,9600,32,FALSE,FALSE,NA
7220,"rapid_multiview_independent","ok","independent",TRUE,TRUE,0.328000000000003,0.235999999999997,0.01983642578125,0.146666666666667,0.146666666666667,0.146666666666667,1,9600,32,FALSE,FALSE,NA
7220,"rapid_ma_semisup_embedding","ok","independent ranked retrieval",TRUE,FALSE,0.328000000000003,NA,NA,0.01,0.01,0.0669752612594867,1,30000,100,FALSE,FALSE,NA
7220,"lema_embedding","ok","independent ranked retrieval",TRUE,FALSE,0.334000000000003,NA,NA,0,0,0.00263175386704798,0.04,30000,100,FALSE,TRUE,NA
7220,"ssma_embedding","ok","independent ranked retrieval",TRUE,FALSE,0.0229999999999961,NA,NA,0.00333333333333333,0.00333333333333333,0.0141439053054308,1,30000,100,FALSE,FALSE,NA
7220,"spectral_mnn_embedding","ok","independent ranked retrieval",TRUE,FALSE,0.0330000000000013,NA,NA,0.0133333333333333,0.0133333333333333,0.0303562033473542,1,30000,100,FALSE,FALSE,NA
7220,"token_ot_embedding","ok","independent ranked retrieval",TRUE,FALSE,0.0489999999999995,NA,NA,0.00333333333333333,0.00333333333333333,0.00935807639109762,1,30000,100,FALSE,FALSE,NA
7220,"position_knn_diagnostic","ok","independent ranked retrieval",FALSE,TRUE,0,0.00200000000000244,NA,0.15,0.15,0.329333874037362,1,30000,100,FALSE,FALSE,NA
