"method","scenario","seed","runtime_sec_old","error_old","max_abs_latent_cor_old","centroid_acc_old","runtime_sec_new","error_new","max_abs_latent_cor_new","centroid_acc_new","fidelity_passed","max_rel_residual","max_b_orth_offdiag","eigensolver","old_ok","new_ok","speedup_old_over_new","delta_latent_cor","delta_centroid_acc"
"kema_linear_label","hard_nonisometric",1,0.0219999999999345,NA,0.995677246303747,0.96,0.0420000000000007,NA,0.991344124773055,0.88,TRUE,1.85224470048481e-13,3.50093419466785e-15,"eigencore_dense_full",TRUE,TRUE,0.523809523807956,-0.00433312153069199,-0.08
"kema_linear_label","hard_nonisometric",2,0.0219999999999345,NA,0.997047775623049,1,0.0350000000000001,NA,0.994853375160959,0.92,TRUE,7.43075077282613e-13,1.32504314933166e-13,"eigencore_dense_full",TRUE,TRUE,0.628571428569555,-0.00219440046209007,-0.08
"kema_linear_label","hard_nonisometric",3,0.0219999999999345,NA,0.993280649754846,0.96,0.0419999999999998,NA,0.986092673513832,0.88,TRUE,7.00021817803719e-13,5.2075024072586e-14,"eigencore_dense_full",TRUE,TRUE,0.523809523807967,-0.00718797624101397,-0.08
"kema_linear_label","isometric_curve",1,0.0199999999999818,NA,0.990137617793863,1,0.0659999999999998,NA,0.990137617823145,1,TRUE,8.81012060220466e-15,1.1680299694401e-14,"eigencore_dense_full",TRUE,TRUE,0.303030303030028,2.9282021252186e-11,0
"kema_linear_label","isometric_curve",2,0.0199999999999818,NA,0.986506249707497,1,0.0460000000000003,NA,0.986506249703974,1,TRUE,2.92017185228523e-13,1.78533177357607e-13,"eigencore_dense_full",TRUE,TRUE,0.434782608695254,-3.52295970174055e-12,0
"kema_linear_label","isometric_curve",3,0.0210000000001855,NA,0.999713544384915,1,0.0360000000000005,NA,0.999718837544844,1,TRUE,3.02055184909106e-14,2.68400992460961e-15,"eigencore_dense_full",TRUE,TRUE,0.583333333338478,5.29315992903179e-06,0
"kema_linear_label","linear_affine",1,0.0310000000000006,NA,0.941069181722635,1,0.169,NA,0.99849319573381,1,TRUE,1.14628399550377e-15,1.75510738975798e-15,"eigencore_dense_full",TRUE,TRUE,0.183431952662725,0.057424014011175,0
"kema_linear_label","linear_affine",2,0.0199999999999996,NA,0.978763997239558,0.95,0.0360000000000005,NA,0.979409502063757,0.9,TRUE,8.15205458297787e-16,7.1270719049531e-16,"eigencore_dense_full",TRUE,TRUE,0.555555555555537,0.000645504824199006,-0.0499999999999999
"kema_linear_label","linear_affine",3,0.0199999999999818,NA,0.978788445497126,1,0.048,NA,0.985383722610706,1,TRUE,3.57906287039504e-15,7.17708919658992e-16,"eigencore_dense_full",TRUE,TRUE,0.416666666666287,0.00659527711357999,0
"kema_linear_label","noisy_label_shift",1,0.0199999999999818,NA,0.991928875519045,0.75,0.0410000000000004,NA,0.982819974847888,0.708333333333333,TRUE,7.0669131454658e-16,2.94353842629865e-16,"eigencore_dense_full",TRUE,TRUE,0.487804878048332,-0.00910890067115699,-0.041666666666667
"kema_linear_label","noisy_label_shift",2,0.0210000000001855,NA,0.999315546137404,0.916666666666667,0.0389999999999997,NA,0.999668611930832,0.916666666666667,TRUE,4.4946016541877e-16,1.45405089950732e-15,"eigencore_dense_full",TRUE,TRUE,0.538461538466299,0.000353065793427976,0
"kema_linear_label","noisy_label_shift",3,0.0209999999999582,NA,0.977115625333536,1,0.128,NA,0.975763821148627,1,TRUE,2.8234556976473e-16,1.1553958057745e-16,"eigencore_dense_full",TRUE,TRUE,0.164062499999673,-0.00135180418490899,0
"kema_linear_label","partial_open_set",1,0.000999999999976353,"replacement has 21 rows, data has 24",NA,NA,0.00199999999999889,"replacement has 21 rows, data has 24",NA,NA,NA,NA,NA,NA,FALSE,FALSE,0.499999999988454,NA,NA
"kema_linear_label","partial_open_set",2,0.000999999999976353,"replacement has 21 rows, data has 24",NA,NA,0.000999999999999446,"replacement has 21 rows, data has 24",NA,NA,NA,NA,NA,NA,FALSE,FALSE,0.999999999976907,NA,NA
"kema_linear_label","partial_open_set",3,0.00100000000020373,"replacement has 21 rows, data has 24",NA,NA,0.00200000000000067,"replacement has 21 rows, data has 24",NA,NA,NA,NA,NA,NA,FALSE,FALSE,0.500000000101698,NA,NA
"kema_rbf_full_label","hard_nonisometric",1,0.305999999999813,NA,0.888562907151891,1,0.0599999999999996,NA,0.888562907170456,1,TRUE,8.08648694402096e-15,1.57364036035874e-14,"eigencore_dense_full",TRUE,TRUE,5.09999999999692,1.85650383954794e-11,0
"kema_rbf_full_label","hard_nonisometric",2,0.34699999999998,NA,0.887980726088539,1,0.0440000000000005,NA,0.887980725225274,1,TRUE,3.12829559451559e-12,1.96473798860727e-13,"eigencore_dense_full",TRUE,TRUE,7.88636363636309,-8.63264904005234e-10,0
"kema_rbf_full_label","hard_nonisometric",3,0.217000000000098,NA,0.875403556086216,0.96,0.0549999999999997,NA,0.875403555872167,0.96,TRUE,1.17981102346839e-14,1.35563381375921e-14,"eigencore_dense_full",TRUE,TRUE,3.94545454545635,-2.14049000746286e-10,0
"kema_rbf_full_label","isometric_curve",1,40.982,NA,0.265519708256714,0.8,0.103000000000001,NA,0.258649754210659,0.68,TRUE,3.52163882219283e-07,6.12622156957063e-14,"eigencore_dense_full",TRUE,TRUE,397.883495145627,-0.006869954046055,-0.12
"kema_rbf_full_label","isometric_curve",2,64.865,NA,0.674954167123671,0.92,0.0459999999999994,NA,0.697161359866695,0.92,TRUE,5.7416110698123e-07,2.17165483328977e-15,"eigencore_dense_full",TRUE,TRUE,1410.10869565219,0.0222071927430241,0
"kema_rbf_full_label","isometric_curve",3,39.4860000000001,NA,0.0820507379213851,0.64,0.0640000000000001,NA,0.648198653881898,0.84,TRUE,9.07147304049082e-07,6.63960512767221e-15,"eigencore_dense_full",TRUE,TRUE,616.968750000001,0.566147915960513,0.2
"kema_rbf_full_label","linear_affine",1,5.619,NA,0.0865828628437342,0.5,0.325,NA,0.317425945254901,0.55,TRUE,9.54905681931533e-07,3.53724441409733e-14,"eigencore_dense_full",TRUE,TRUE,17.2892307692308,0.230843082411167,0.05
"kema_rbf_full_label","linear_affine",2,18.103,NA,0.872418673112492,1,0.0369999999999999,NA,0.848580321170084,1,TRUE,9.43796978658578e-07,1.427143754002e-14,"eigencore_dense_full",TRUE,TRUE,489.270270270272,-0.023838351942408,0
"kema_rbf_full_label","linear_affine",3,8.00700000000006,NA,0.950175776356548,1,0.0369999999999999,NA,0.949800539314134,1,TRUE,8.00380458479141e-07,6.53607155052512e-14,"eigencore_dense_full",TRUE,TRUE,216.405405405408,-0.000375237042414045,0
"kema_rbf_full_label","noisy_label_shift",1,10.624,NA,0.115841039909821,0.583333333333333,0.138999999999999,NA,0.668940168360702,0.625,TRUE,7.34268559193306e-07,1.15949241903059e-14,"eigencore_dense_full",TRUE,TRUE,76.4316546762595,0.553099128450881,0.041666666666667
"kema_rbf_full_label","noisy_label_shift",2,14.6119999999999,NA,0.309009361121578,0.5,0.036999999999999,NA,0.0932607115900468,0.5,TRUE,4.09350668980232e-07,2.24903562247799e-14,"eigencore_dense_full",TRUE,TRUE,394.918918918927,-0.215748649531531,0
"kema_rbf_full_label","noisy_label_shift",3,16.519,NA,0.264087273242385,0.583333333333333,0.0459999999999994,NA,0.0911960283620458,0.583333333333333,TRUE,6.42078789053055e-07,7.9827137480093e-15,"eigencore_dense_full",TRUE,TRUE,359.108695652179,-0.172891244880339,0
"kema_rbf_full_label","partial_open_set",1,0.000999999999976353,"replacement has 21 rows, data has 24",NA,NA,0.00200000000000067,"replacement has 21 rows, data has 24",NA,NA,NA,NA,NA,NA,FALSE,FALSE,0.499999999988009,NA,NA
"kema_rbf_full_label","partial_open_set",2,0.000999999999976353,"replacement has 21 rows, data has 24",NA,NA,0.00199999999999889,"replacement has 21 rows, data has 24",NA,NA,NA,NA,NA,NA,FALSE,FALSE,0.499999999988454,NA,NA
"kema_rbf_full_label","partial_open_set",3,0.00100000000020373,"replacement has 21 rows, data has 24",NA,NA,0.00200000000000067,"replacement has 21 rows, data has 24",NA,NA,NA,NA,NA,NA,FALSE,FALSE,0.500000000101698,NA,NA
"kema_rbf_reduced_label","hard_nonisometric",1,0.06899999999996,NA,0.874566809468354,0.96,0.0379999999999994,NA,0.874566809682619,0.96,TRUE,1.01299655365585e-14,1.4714969685991e-15,"eigencore_dense_full",TRUE,TRUE,1.81578947368319,2.14265050146878e-10,0
"kema_rbf_reduced_label","hard_nonisometric",2,0.0670000000000073,NA,0.856210285758575,1,0.0600000000000005,NA,0.856210284516412,1,TRUE,9.31492219830199e-15,6.81457447927817e-16,"eigencore_dense_full",TRUE,TRUE,1.11666666666678,-1.24216303909463e-09,0
"kema_rbf_reduced_label","hard_nonisometric",3,0.06899999999996,NA,0.882443918241631,0.96,0.0370000000000008,NA,0.882443900224895,0.96,TRUE,1.33009834275487e-14,1.61209141999647e-15,"eigencore_dense_full",TRUE,TRUE,1.86486486486374,-1.80167359919992e-08,0
"kema_rbf_reduced_label","isometric_curve",1,8.269,NA,0.89663891128581,0.6,0.0870000000000006,NA,0.873880205443408,0.96,TRUE,1.92164238893724e-08,1.24511762322705e-15,"eigencore_dense_full",TRUE,TRUE,95.0459770114936,-0.0227587058424019,0.36
"kema_rbf_reduced_label","isometric_curve",2,8.17399999999998,NA,0.275903087809936,0.68,0.0839999999999996,NA,0.274962764003045,0.68,TRUE,3.90362153493364e-07,2.09203216810727e-15,"eigencore_dense_full",TRUE,TRUE,97.309523809524,-0.000940323806891019,0
"kema_rbf_reduced_label","isometric_curve",3,7.00800000000004,NA,0.0549661418046138,0.48,0.0369999999999999,NA,0.0290011193598229,0.52,TRUE,1.11273281835477e-08,1.9058437791978e-15,"eigencore_dense_full",TRUE,TRUE,189.405405405407,-0.0259650224447909,0.04
"kema_rbf_reduced_label","linear_affine",1,3.101,NA,0.209300995091612,0.45,0.0410000000000004,NA,0.1333282217832,0.5,TRUE,5.25017151274488e-07,1.96411492478226e-14,"eigencore_dense_full",TRUE,TRUE,75.6341463414627,-0.075972773308412,0.05
"kema_rbf_reduced_label","linear_affine",2,984.119,NA,0.78544216052162,0.95,0.0409999999999995,NA,0.802775160092722,1,TRUE,4.73389925854866e-08,1.02757287672475e-14,"eigencore_dense_full",TRUE,TRUE,24002.9024390247,0.017332999571102,0.05
"kema_rbf_reduced_label","linear_affine",3,1.88200000000006,NA,0.950404977731307,1,0.0350000000000001,NA,0.949942018231477,1,TRUE,1.15036511660856e-07,5.9119721520239e-14,"eigencore_dense_full",TRUE,TRUE,53.7714285714301,-0.000462959499830107,0
"kema_rbf_reduced_label","noisy_label_shift",1,6.1389999999999,NA,0.0689676285581939,0.541666666666667,0.0459999999999994,NA,0.153498196462982,0.583333333333333,TRUE,4.00981981610843e-07,5.09384991442675e-14,"eigencore_dense_full",TRUE,TRUE,133.45652173913,0.0845305679047881,0.0416666666666661
"kema_rbf_reduced_label","noisy_label_shift",2,12.806,NA,0.0410416573157322,0.5,0.0360000000000014,NA,0.645876675639712,0.666666666666667,TRUE,8.32197461394251e-07,1.90495905410395e-15,"eigencore_dense_full",TRUE,TRUE,355.722222222208,0.60483501832398,0.166666666666667
"kema_rbf_reduced_label","noisy_label_shift",3,7.72900000000004,NA,0.317198930971616,0.625,0.0399999999999991,NA,0.0463780244186221,0.5,TRUE,1.59221787061171e-07,3.40167535457312e-14,"eigencore_dense_full",TRUE,TRUE,193.225000000005,-0.270820906552994,-0.125
"kema_rbf_reduced_label","partial_open_set",1,0.000999999999976353,"replacement has 21 rows, data has 24",NA,NA,0.00199999999999889,"replacement has 21 rows, data has 24",NA,NA,NA,NA,NA,NA,FALSE,FALSE,0.499999999988454,NA,NA
"kema_rbf_reduced_label","partial_open_set",2,0.000999999999976353,"replacement has 21 rows, data has 24",NA,NA,0.00100000000000122,"replacement has 21 rows, data has 24",NA,NA,NA,NA,NA,NA,FALSE,FALSE,0.999999999975133,NA,NA
"kema_rbf_reduced_label","partial_open_set",3,0.000999999999976353,"replacement has 21 rows, data has 24",NA,NA,0.000999999999999446,"replacement has 21 rows, data has 24",NA,NA,NA,NA,NA,NA,FALSE,FALSE,0.999999999976907,NA,NA
